-- phpMyAdmin SQL Dump
-- version 4.7.9
-- https://www.phpmyadmin.net/
--
-- Hôte : 127.0.0.1:3306
-- Généré le :  jeu. 28 mars 2019 à 09:53
-- Version du serveur :  5.7.21
-- Version de PHP :  5.6.35

SET SQL_MODE = "NO_AUTO_VALUE_ON_ZERO";
SET AUTOCOMMIT = 0;
START TRANSACTION;
SET time_zone = "+00:00";


/*!40101 SET @OLD_CHARACTER_SET_CLIENT=@@CHARACTER_SET_CLIENT */;
/*!40101 SET @OLD_CHARACTER_SET_RESULTS=@@CHARACTER_SET_RESULTS */;
/*!40101 SET @OLD_COLLATION_CONNECTION=@@COLLATION_CONNECTION */;
/*!40101 SET NAMES utf8mb4 */;

--
-- Base de données :  `organisme_formation`
--

-- --------------------------------------------------------

--
-- Structure de la table `compte_rendus`
--

DROP TABLE IF EXISTS `compte_rendus`;
CREATE TABLE IF NOT EXISTS `compte_rendus` (
  `id` int(11) NOT NULL AUTO_INCREMENT,
  `professeurs_id` int(11) NOT NULL,
  `sessions_id` int(11) NOT NULL,
  `commentaire` varchar(125) COLLATE utf16_bin NOT NULL,
  PRIMARY KEY (`id`),
  KEY `fk_compte_rendus_professeurs1_idx` (`professeurs_id`),
  KEY `fk_compte_rendus_sessions1_idx` (`sessions_id`)
) ENGINE=InnoDB AUTO_INCREMENT=102 DEFAULT CHARSET=utf16 COLLATE=utf16_bin;

--
-- Déchargement des données de la table `compte_rendus`
--

INSERT INTO `compte_rendus` (`id`, `professeurs_id`, `sessions_id`, `commentaire`) VALUES
(1, 1, 2, 'Mediocre'),
(2, 51, 373, 'Qui ea et velit quos.'),
(3, 47, 332, 'Iusto qui fuga rerum amet sunt dolores nemo optio odit.'),
(4, 49, 376, 'Quis blanditiis itaque totam eum consequatur quas ducimus quo necessitatibus.'),
(5, 50, 315, 'Veniam eius officia alias quaerat animi modi eaque odio unde eos.'),
(6, 51, 344, 'Velit dolorem sit rem beatae nisi.'),
(7, 46, 374, 'Consequuntur alias vel sint earum.'),
(8, 48, 335, 'Est reiciendis sed sed earum blanditiis quas incidunt animi culpa.'),
(9, 53, 381, 'Odit quo sit maiores error voluptas atque voluptatem.'),
(10, 50, 391, 'Perspiciatis voluptatem explicabo excepturi atque ratione animi.'),
(11, 54, 350, 'Voluptas fuga ad quo et omnis suscipit accusantium sed ut.'),
(12, 52, 377, 'Corporis in debitis corrupti aut distinctio laboriosam accusamus qui rerum.'),
(13, 51, 315, 'Error vero nam nam et.'),
(14, 46, 355, 'Nihil molestiae autem dolor eveniet ut sed illo ut.'),
(15, 50, 313, 'Molestiae ea iste inventore iste.'),
(16, 54, 388, 'Quidem suscipit esse autem eius quisquam quasi.'),
(17, 54, 374, 'Rerum perferendis dolor aut officia dolorem qui.'),
(18, 48, 316, 'Totam dolores omnis aut.'),
(19, 50, 365, 'Qui quia nulla qui et explicabo sequi natus dolor et eos.'),
(20, 49, 388, 'Corrupti esse quos eveniet quidem ut consequuntur cupiditate enim recusandae fugit odio consectetur voluptates.'),
(21, 51, 309, 'Tempore tenetur ut aut.'),
(22, 52, 371, 'Voluptatem est rem sunt ipsa velit sed.'),
(23, 52, 363, 'Id assumenda est assumenda quo ea veritatis aliquam qui.'),
(24, 45, 378, 'Numquam dolor exercitationem sed sit ab sint illum tempora blanditiis.'),
(25, 54, 351, 'Eum sint ex nam numquam qui dolor.'),
(26, 45, 388, 'Facere quasi voluptate excepturi iste expedita assumenda.'),
(27, 52, 389, 'Tempore sed error ad totam vero voluptas illo.'),
(28, 53, 327, 'Rerum sint ut distinctio exercitationem totam repudiandae facere qui et numquam deleniti expedita quia.'),
(29, 51, 357, 'Incidunt aut sed et dolorem nihil voluptatum ipsum incidunt.'),
(30, 50, 326, 'Error aperiam maxime molestiae aliquam blanditiis hic.'),
(31, 49, 350, 'Autem animi qui quia odit porro architecto.'),
(32, 54, 386, 'Facere et dignissimos aut aliquam architecto.'),
(33, 53, 330, 'Eaque earum quos a minus unde.'),
(34, 45, 316, 'Architecto enim aut consequatur ipsum quas quia omnis.'),
(35, 54, 384, 'Vero ut alias culpa vitae placeat doloremque facere ex quos.'),
(36, 54, 378, 'Ad omnis deserunt est.'),
(37, 50, 356, 'Quis quos ut molestiae maiores deleniti maxime nisi provident.'),
(38, 47, 349, 'Quod quam sit et provident et ut magni aliquid est sed.'),
(39, 49, 377, 'Culpa blanditiis sunt explicabo quidem et velit iusto quas repellat.'),
(40, 50, 404, 'Beatae voluptatibus repudiandae officia fugit.'),
(41, 54, 327, 'Omnis et enim minus similique fugit quod voluptas quia quo et omnis aliquid.'),
(42, 52, 371, 'Omnis libero cum doloribus odit.'),
(43, 49, 353, 'Unde et aut voluptas delectus sit facilis aut.'),
(44, 46, 402, 'Aut qui sit saepe accusantium neque ducimus in tempore.'),
(45, 47, 356, 'Deserunt est iusto omnis repudiandae atque ea.'),
(46, 47, 326, 'Totam eveniet voluptatum alias dolorem nisi fugiat maiores autem voluptatem quos veritatis.'),
(47, 45, 342, 'Dolorem nulla delectus rem molestias ut consequatur.'),
(48, 52, 395, 'Nam sint voluptatem dolorem rerum.'),
(49, 51, 386, 'Iste perspiciatis enim dolorem necessitatibus debitis sed quisquam nisi repudiandae.'),
(50, 48, 405, 'Sed impedit consequatur nulla et.'),
(51, 54, 378, 'Sunt nam sint odit non aut quae.'),
(52, 53, 328, 'Occaecati tempore enim aliquid aliquid beatae quis sapiente magni.'),
(53, 51, 326, 'Nostrum blanditiis debitis aut labore alias qui.'),
(54, 50, 390, 'Amet et earum ullam molestias magni temporibus vitae molestias.'),
(55, 52, 317, 'Omnis aperiam aliquam veniam dolorum doloribus autem voluptas.'),
(56, 50, 347, 'Officia qui inventore et nobis ut doloremque quam eveniet voluptatem pariatur in.'),
(57, 51, 337, 'Nemo id officiis nemo tenetur a consequuntur sapiente.'),
(58, 45, 390, 'Voluptatem minima perferendis consectetur et eos cum voluptatem temporibus.'),
(59, 53, 312, 'Autem ut porro earum labore nisi perferendis autem rerum voluptatem amet quo.'),
(60, 54, 405, 'Doloremque nulla adipisci iure quidem et voluptatem at eum ad inventore.'),
(61, 50, 347, 'Unde dolor ea sint temporibus fuga voluptatem adipisci et cumque.'),
(62, 53, 402, 'Nesciunt corrupti nulla ea ratione dolorum et.'),
(63, 49, 357, 'Et inventore fuga est voluptas praesentium.'),
(64, 51, 370, 'Sequi alias veritatis sed excepturi inventore voluptas.'),
(65, 54, 324, 'Modi illo quo vel voluptatibus et deleniti dolores.'),
(66, 51, 337, 'Et ipsa fuga et sit at et quo recusandae sunt.'),
(67, 49, 372, 'Consequatur asperiores ut voluptate ut.'),
(68, 52, 362, 'Id inventore ducimus dolores aut quibusdam eveniet.'),
(69, 48, 339, 'Rem dolorum deleniti consequatur id iusto excepturi voluptatem corrupti.'),
(70, 54, 402, 'Nesciunt dolor est non maxime eos.'),
(71, 46, 343, 'Eligendi saepe perferendis sed similique.'),
(72, 52, 377, 'Culpa maiores iusto enim qui quis et aspernatur laborum enim.'),
(73, 49, 397, 'Autem et sunt consequatur placeat in id libero.'),
(74, 54, 392, 'Deleniti beatae magni illum sint eos quisquam magni.'),
(75, 51, 334, 'Voluptatem natus porro et quia ipsum fugiat et aut aliquam quia ducimus.'),
(76, 52, 377, 'Sequi laborum perspiciatis aut et sed repellendus neque laborum adipisci temporibus.'),
(77, 54, 404, 'Id qui et excepturi ut facilis tempore.'),
(78, 54, 338, 'Enim culpa suscipit corrupti voluptate laboriosam et ducimus sunt.'),
(79, 53, 339, 'Quasi asperiores dignissimos culpa est et quod tempore sint.'),
(80, 45, 359, 'Expedita nihil consequatur sunt quam ratione rem sunt quia non rerum deserunt ipsum.'),
(81, 51, 307, 'Consequuntur autem et excepturi at.'),
(82, 46, 382, 'Delectus rerum vel asperiores vero voluptas sapiente numquam.'),
(83, 52, 367, 'Incidunt iusto quam beatae quia qui.'),
(84, 54, 335, 'Et illum eos hic nulla fuga.'),
(85, 49, 391, 'Et similique est reprehenderit reprehenderit ipsum at labore enim cumque porro.'),
(86, 46, 366, 'Cupiditate consequatur voluptate autem voluptatum nihil eos sunt sunt omnis quae.'),
(87, 51, 323, 'Voluptatum harum soluta similique voluptates.'),
(88, 48, 363, 'Nam et ipsam deserunt corporis laborum cum.'),
(89, 50, 377, 'Soluta ratione suscipit culpa et voluptas dicta asperiores quod debitis.'),
(90, 46, 376, 'Qui commodi dolor illum facilis ut reiciendis aliquid.'),
(91, 52, 325, 'Iusto iste quos tempore iusto nesciunt quos veritatis.'),
(92, 48, 323, 'Qui aut et dolore.'),
(93, 49, 311, 'Consequuntur quasi earum laboriosam quia rerum temporibus facere hic minus culpa aut.'),
(94, 53, 329, 'Unde eius nam unde ratione deleniti quo.'),
(95, 50, 363, 'Aut ducimus consectetur libero maxime officiis iusto.'),
(96, 50, 310, 'Voluptatem eum amet officia omnis deleniti dolorem dolorem qui.'),
(97, 47, 403, 'Velit nobis optio hic architecto delectus labore eaque.'),
(98, 48, 366, 'Dolore eius rerum et possimus fuga earum eos quam.'),
(99, 47, 373, 'Saepe sunt non suscipit asperiores amet consequatur nemo id quod.'),
(100, 49, 312, 'Consequatur recusandae nesciunt quo molestiae expedita dolores necessitatibus molestiae ullam dolor nam maxime qui.'),
(101, 47, 329, 'Voluptatibus nulla vel aut officia at perspiciatis.');

-- --------------------------------------------------------

--
-- Structure de la table `entreprises`
--

DROP TABLE IF EXISTS `entreprises`;
CREATE TABLE IF NOT EXISTS `entreprises` (
  `id` int(11) NOT NULL AUTO_INCREMENT,
  `nom` varchar(45) COLLATE utf16_bin NOT NULL,
  PRIMARY KEY (`id`)
) ENGINE=InnoDB AUTO_INCREMENT=95 DEFAULT CHARSET=utf16 COLLATE=utf16_bin;

--
-- Déchargement des données de la table `entreprises`
--

INSERT INTO `entreprises` (`id`, `nom`) VALUES
(1, 'Amazon'),
(2, 'EDF'),
(11, 'CompressionChef'),
(12, 'BrowserCourse'),
(13, 'SplashCode'),
(14, 'SupremeColumn'),
(15, 'QueueTape'),
(16, 'SugarTemplate'),
(17, 'GourmetReal'),
(18, 'DishScalable'),
(19, 'DevSocket'),
(20, 'LogicWeb'),
(21, 'ToolBrew'),
(22, 'VanillaDeprecated'),
(23, 'EncryptionInduction'),
(24, 'LeakWiki'),
(25, 'DomainCompile'),
(26, 'BuffetSafe'),
(27, 'LiqueurMashup'),
(28, 'ChecksumMeta'),
(29, 'BlogLime'),
(30, 'BaseMirepoix'),
(31, 'MarinateDeveloper'),
(32, 'GastronomyMega'),
(33, 'VolumeError'),
(34, 'ProgrammersLean'),
(35, 'StreamingCaffe'),
(36, 'SessionJuice'),
(37, 'WareBrowser'),
(38, 'GuacamoleDynamic'),
(39, 'RealTart'),
(40, 'ThreadCitrus'),
(41, 'HTTPBuffet'),
(42, 'TenderCodec'),
(43, 'HTTPZest'),
(44, 'ChopToken'),
(45, 'QueryPush'),
(46, 'ArraySupreme'),
(47, 'PateRouter'),
(48, 'ScalableBouchees'),
(49, 'ExtensionFumet'),
(50, 'SmartGreens'),
(51, 'PareQueue'),
(52, 'ExceptionHacker'),
(53, 'MixWire'),
(54, 'ArrayJuice'),
(55, 'MullDeprecated'),
(56, 'CircuitCitrus'),
(57, 'FibersScalable'),
(58, 'MashupBoolean'),
(59, 'MullCyber'),
(60, 'MadeleineExtension'),
(61, 'HardNectar'),
(62, 'MailRender'),
(63, 'NodeRub'),
(64, 'RaftColumn'),
(65, 'KeyFajitas'),
(66, 'CaffeMail'),
(67, 'ArchitectPudding'),
(68, 'EmulationFile'),
(69, 'InputSpaghetti'),
(70, 'FibersComputing'),
(71, 'SalsaWare'),
(72, 'BoilParse'),
(73, 'OrganicBoolean'),
(74, 'QueryBrew'),
(75, 'SafeWash'),
(76, 'MemeSalsa'),
(77, 'SplashBug'),
(78, 'CompressionPinot'),
(79, 'LeakQueue'),
(80, 'SpaghettiSample'),
(81, 'ConsoleCocoa'),
(82, 'PixelBug'),
(83, 'TemplateCaffe'),
(84, 'AddOnVolume'),
(85, 'CodeSweet'),
(86, 'KernelError'),
(87, 'MousseFragment'),
(88, 'BugNavigation'),
(89, 'ZestCode'),
(90, 'UtilityNet'),
(91, 'HackerLeek'),
(92, 'TaskEspresso'),
(93, 'GourmetTweak'),
(94, 'CodecSample');

-- --------------------------------------------------------

--
-- Structure de la table `formations`
--

DROP TABLE IF EXISTS `formations`;
CREATE TABLE IF NOT EXISTS `formations` (
  `id` int(11) NOT NULL AUTO_INCREMENT,
  `nom` varchar(45) COLLATE utf16_bin NOT NULL,
  `dateDebut` datetime NOT NULL,
  `dateFin` datetime NOT NULL,
  `professeurs_id` int(11) NOT NULL,
  `cout` float NOT NULL,
  PRIMARY KEY (`id`),
  KEY `fk_formations_professeurs1_idx` (`professeurs_id`)
) ENGINE=InnoDB AUTO_INCREMENT=95 DEFAULT CHARSET=utf16 COLLATE=utf16_bin;

--
-- Déchargement des données de la table `formations`
--

INSERT INTO `formations` (`id`, `nom`, `dateDebut`, `dateFin`, `professeurs_id`, `cout`) VALUES
(1, 'Gestion de projet', '2019-03-01 00:00:00', '2019-03-31 00:00:00', 1, 600),
(2, 'SQL', '2019-04-19 00:00:00', '2019-05-09 00:00:00', 2, 1000),
(3, 'Git - Premiere approche', '2019-05-11 00:00:00', '2019-06-29 00:00:00', 3, 2000),
(4, 'Voluptatem in aut quaerat a placeat.', '1975-11-09 02:43:08', '2019-10-16 10:14:15', 4, 1498),
(5, 'Ut assumenda veniam vitae et qui.', '1990-11-29 12:43:33', '2019-05-15 06:00:49', 5, 1000),
(6, 'Ut similique voluptates quibusdam et.', '2011-01-04 06:00:05', '2019-09-12 04:43:19', 6, 6950),
(7, 'Quos totam saepe non porro at enim voluptas.', '1996-01-28 11:21:52', '2019-09-09 17:44:23', 7, 4321),
(8, 'Quam deleniti voluptas vel ut ut.', '1989-07-17 11:15:53', '2020-03-12 00:23:00', 8, 7864),
(9, 'Omnis temporibus qui officia qui.', '1971-12-20 09:47:00', '2019-11-21 00:05:33', 9, 8973),
(10, 'Sint id dolorem consequatur et.', '1999-09-05 19:38:47', '2019-05-11 07:00:43', 10, 6635),
(11, 'Fugiat dolorem dolor expedita et.', '1998-03-16 20:17:46', '2019-12-06 04:19:01', 11, 3613),
(12, 'Corporis saepe necessitatibus ab ducimus.', '1975-12-31 18:34:23', '2019-07-03 07:30:29', 12, 8292),
(13, 'Illo est sunt non suscipit adipisci.', '2018-09-11 22:11:25', '2019-02-28 02:51:38', 13, 3478),
(14, 'libero', '2018-11-09 21:48:02', '2018-04-11 01:23:53', 14, 5588),
(15, 'blanditiis', '2018-10-28 15:21:15', '2018-07-20 15:27:21', 23, 5057),
(16, 'libero', '2018-09-08 15:45:31', '2018-08-06 14:01:50', 24, 1518),
(17, 'iure', '2019-03-14 23:12:26', '2019-03-09 00:32:33', 16, 9254),
(18, 'nihil', '2019-01-11 16:50:34', '2018-07-31 03:42:55', 19, 6120),
(19, 'cum', '2018-04-30 21:32:28', '2018-08-04 09:39:50', 24, 9805),
(20, 'ut', '2018-11-27 22:41:02', '2018-06-19 07:25:41', 16, 4259),
(21, 'id', '2018-08-27 01:21:10', '2018-08-31 04:49:04', 24, 4099),
(22, 'et', '2018-11-16 22:41:34', '2018-12-18 11:49:06', 19, 5324),
(23, 'quia', '2018-07-30 15:23:02', '2019-02-08 11:58:23', 21, 571),
(24, 'neque', '2018-04-24 05:38:20', '2018-10-27 11:29:38', 18, 2224),
(25, 'et', '2019-02-07 04:01:39', '2019-01-19 09:17:52', 15, 8641),
(26, 'omnis', '2018-05-17 08:07:55', '2018-04-21 20:05:01', 18, 5212),
(27, 'natus', '2018-04-09 02:26:52', '2018-05-29 17:16:13', 23, 5681),
(28, 'occaecati', '2019-03-10 12:40:43', '2018-11-19 17:48:29', 18, 5475),
(29, 'enim', '2018-10-06 11:07:35', '2018-12-09 11:43:34', 20, 1294),
(30, 'recusandae', '2019-03-25 20:03:18', '2018-12-14 01:14:48', 24, 7201),
(31, 'corrupti', '2019-02-22 21:40:18', '2018-08-10 18:35:28', 23, 7862),
(32, 'alias', '2018-12-01 03:53:26', '2018-06-01 21:35:52', 22, 2705),
(33, 'sint', '2019-01-14 04:10:19', '2018-04-13 03:21:14', 23, 8098),
(34, 'voluptatem', '2018-05-19 00:40:16', '2018-12-06 15:10:12', 21, 2055),
(35, 'aspernatur', '2018-09-10 15:46:01', '2019-01-17 16:10:14', 31, 1274),
(36, 'sit', '2018-12-23 13:50:51', '2018-09-30 18:29:54', 29, 5718),
(37, 'consequuntur', '2018-06-30 07:35:12', '2018-05-09 08:25:21', 34, 4335),
(38, 'voluptate', '2018-07-16 05:34:10', '2019-01-23 02:32:15', 25, 628),
(39, 'optio', '2019-02-16 03:53:52', '2019-01-12 13:08:47', 31, 3938),
(40, 'deleniti', '2018-08-04 17:01:04', '2019-03-24 07:04:15', 31, 574),
(41, 'ullam', '2018-11-23 18:51:56', '2019-01-14 09:24:04', 31, 5175),
(42, 'beatae', '2019-03-21 22:26:51', '2018-08-17 15:09:14', 30, 3744),
(43, 'dolores', '2018-06-20 13:11:34', '2018-11-15 03:46:03', 31, 1789),
(44, 'quidem', '2019-01-13 04:29:18', '2018-11-06 06:07:48', 33, 1142),
(45, 'et', '2018-05-08 21:25:45', '2018-08-14 13:29:03', 28, 9422),
(46, 'voluptatum', '2019-02-02 23:31:28', '2018-08-31 14:33:24', 26, 1185),
(47, 'a', '2018-12-04 17:10:18', '2018-06-13 21:17:23', 28, 3420),
(48, 'molestias', '2018-08-07 22:38:12', '2018-11-06 17:29:01', 26, 3391),
(49, 'alias', '2018-07-20 18:54:07', '2018-08-08 14:29:14', 33, 4498),
(50, 'ducimus', '2018-12-01 17:12:39', '2018-11-21 15:02:07', 31, 3719),
(51, 'unde', '2018-08-03 10:12:42', '2019-03-21 17:13:10', 34, 6508),
(52, 'voluptatem', '2018-12-08 10:42:00', '2019-03-25 01:42:16', 28, 3318),
(53, 'vel', '2019-01-02 07:05:17', '2018-04-24 15:20:46', 33, 5116),
(54, 'et', '2018-04-10 05:40:13', '2019-01-16 12:20:52', 30, 6842),
(55, 'voluptates', '2018-10-26 12:54:16', '2018-08-30 16:57:00', 35, 1509),
(56, 'voluptas', '2019-01-21 01:53:05', '2018-04-07 19:15:37', 37, 4364),
(57, 'libero', '2018-12-09 22:35:57', '2019-03-10 02:39:18', 39, 3225),
(58, 'mollitia', '2018-07-07 04:06:57', '2019-01-26 16:21:34', 36, 8944),
(59, 'illo', '2018-10-13 14:37:59', '2019-02-06 21:18:57', 35, 9893),
(60, 'est', '2019-03-13 22:36:56', '2018-05-19 10:58:33', 44, 2856),
(61, 'perferendis', '2018-05-19 14:00:13', '2018-07-06 16:31:57', 38, 8057),
(62, 'ipsam', '2018-08-08 21:12:50', '2018-05-02 13:51:47', 38, 5248),
(63, 'in', '2018-07-11 20:31:26', '2018-11-23 16:54:13', 38, 5042),
(64, 'cumque', '2018-09-07 00:05:48', '2018-07-13 23:39:41', 44, 7726),
(65, 'necessitatibus', '2018-12-11 09:47:06', '2018-05-15 11:30:10', 36, 566),
(66, 'omnis', '2019-01-06 12:07:47', '2019-03-12 17:27:01', 37, 7663),
(67, 'earum', '2018-08-18 19:17:07', '2018-11-10 04:35:10', 43, 724),
(68, 'qui', '2018-07-11 20:49:33', '2019-03-06 05:21:32', 44, 3481),
(69, 'odit', '2018-09-07 12:23:52', '2018-12-16 07:45:17', 38, 9422),
(70, 'omnis', '2018-07-15 06:03:02', '2018-12-15 13:16:07', 36, 961),
(71, 'sequi', '2019-01-23 15:21:28', '2018-09-13 18:13:53', 44, 9623),
(72, 'sapiente', '2018-08-21 05:44:37', '2018-10-04 07:31:07', 36, 1016),
(73, 'dignissimos', '2018-11-17 06:37:24', '2018-06-03 14:11:03', 43, 5356),
(74, 'aut', '2018-05-16 12:34:13', '2019-03-26 19:09:41', 44, 6763),
(75, 'quos', '2018-05-19 06:59:21', '2018-08-07 13:36:05', 54, 1564),
(76, 'est', '2018-07-23 21:25:34', '2018-05-18 20:51:45', 54, 604),
(77, 'modi', '2018-12-01 02:55:19', '2018-12-19 23:48:10', 52, 5759),
(78, 'et', '2019-01-13 07:45:57', '2018-04-11 07:40:00', 52, 805),
(79, 'quaerat', '2018-06-29 13:17:37', '2019-03-25 11:22:31', 53, 9486),
(80, 'repellendus', '2018-06-21 04:20:51', '2019-03-04 16:20:49', 51, 8509),
(81, 'nihil', '2018-04-15 08:41:13', '2019-02-03 16:48:59', 50, 6635),
(82, 'quod', '2018-03-29 18:46:32', '2018-11-24 22:55:04', 52, 1002),
(83, 'ea', '2018-07-12 23:19:13', '2019-01-24 04:29:37', 54, 5258),
(84, 'officia', '2018-11-18 04:45:55', '2018-04-05 04:28:54', 53, 2264),
(85, 'quisquam', '2019-03-20 20:01:49', '2018-12-16 13:07:30', 51, 3170),
(86, 'earum', '2018-07-12 01:59:51', '2019-01-09 21:43:20', 52, 6900),
(87, 'aut', '2019-02-17 22:35:15', '2018-11-26 14:32:27', 54, 4675),
(88, 'omnis', '2018-07-19 14:46:09', '2019-02-19 19:32:11', 54, 1828),
(89, 'debitis', '2019-01-27 08:50:57', '2018-06-12 18:14:13', 51, 1958),
(90, 'sed', '2018-06-28 07:20:14', '2018-08-16 19:01:44', 51, 1457),
(91, 'nisi', '2018-08-11 00:56:23', '2019-02-02 05:13:28', 46, 2475),
(92, 'neque', '2019-03-24 16:56:38', '2019-02-16 09:44:00', 52, 3983),
(93, 'aut', '2018-06-13 12:56:08', '2019-01-04 16:26:13', 54, 3323),
(94, 'laudantium', '2018-08-14 15:54:29', '2018-04-18 04:57:33', 45, 7498);

-- --------------------------------------------------------

--
-- Structure de la table `notes`
--

DROP TABLE IF EXISTS `notes`;
CREATE TABLE IF NOT EXISTS `notes` (
  `id` int(11) NOT NULL AUTO_INCREMENT,
  `note` float DEFAULT NULL,
  `salaries_id` int(11) NOT NULL,
  `formations_id` int(11) NOT NULL,
  PRIMARY KEY (`id`),
  KEY `fk_notes_formations1_idx` (`formations_id`),
  KEY `fk_notes_salaries1_idx` (`salaries_id`)
) ENGINE=InnoDB AUTO_INCREMENT=407 DEFAULT CHARSET=utf16 COLLATE=utf16_bin;

--
-- Déchargement des données de la table `notes`
--

INSERT INTO `notes` (`id`, `note`, `salaries_id`, `formations_id`) VALUES
(1, 10, 1, 1),
(2, 15, 2, 2),
(3, 11, 3, 3),
(4, 3, 9, 12),
(5, 4, 10, 13),
(6, 5, 11, 14),
(7, 4, 34, 22),
(8, 12, 95, 31),
(9, 11, 111, 24),
(10, 7, 21, 23),
(11, 2, 69, 32),
(12, 15, 22, 16),
(13, 7, 69, 20),
(14, 5, 96, 22),
(15, 20, 69, 23),
(16, 2, 101, 26),
(17, 10, 75, 21),
(18, 4, 37, 19),
(19, 14, 36, 22),
(20, 6, 102, 26),
(21, 17, 36, 19),
(22, 1, 53, 26),
(23, 13, 28, 28),
(24, 13, 70, 30),
(25, 4, 67, 28),
(26, 9, 70, 23),
(27, 12, 102, 18),
(28, 18, 39, 17),
(29, 9, 27, 29),
(30, 17, 102, 32),
(31, 16, 88, 22),
(32, 18, 61, 28),
(33, 3, 67, 18),
(34, 10, 102, 20),
(35, 5, 55, 25),
(36, 11, 37, 20),
(37, 8, 38, 29),
(38, 17, 46, 16),
(39, 13, 41, 33),
(40, 10, 62, 16),
(41, 7, 22, 28),
(42, 13, 77, 20),
(43, 10, 80, 16),
(44, 12, 48, 29),
(45, 20, 64, 22),
(46, 9, 24, 28),
(47, 6, 55, 27),
(48, 1, 111, 18),
(49, 5, 21, 22),
(50, 3, 88, 28),
(51, 2, 63, 34),
(52, 8, 52, 19),
(53, 9, 71, 34),
(54, 20, 35, 15),
(55, 0, 42, 33),
(56, 8, 76, 27),
(57, 7, 97, 33),
(58, 8, 78, 30),
(59, 5, 92, 34),
(60, 1, 90, 20),
(61, 16, 35, 34),
(62, 0, 108, 26),
(63, 2, 108, 29),
(64, 9, 19, 31),
(65, 7, 85, 17),
(66, 2, 102, 15),
(67, 12, 40, 27),
(68, 6, 46, 18),
(69, 9, 66, 28),
(70, 8, 47, 22),
(71, 6, 91, 23),
(72, 1, 93, 24),
(73, 16, 70, 20),
(74, 17, 105, 18),
(75, 10, 101, 21),
(76, 20, 80, 15),
(77, 3, 13, 26),
(78, 8, 22, 15),
(79, 17, 43, 26),
(80, 20, 36, 32),
(81, 1, 24, 22),
(82, 7, 47, 27),
(83, 20, 81, 22),
(84, 9, 28, 29),
(85, 20, 13, 31),
(86, 16, 35, 15),
(87, 6, 19, 31),
(88, 9, 93, 29),
(89, 13, 14, 28),
(90, 4, 18, 27),
(91, 19, 77, 27),
(92, 1, 91, 24),
(93, 4, 59, 16),
(94, 4, 56, 19),
(95, 6, 72, 19),
(96, 10, 80, 32),
(97, 18, 42, 32),
(98, 20, 73, 15),
(99, 20, 95, 18),
(100, 11, 45, 21),
(101, 8, 80, 31),
(102, 1, 71, 27),
(103, 16, 99, 30),
(104, 8, 20, 25),
(105, 15, 79, 32),
(106, 4, 86, 30),
(107, 5, 169, 38),
(108, 9, 159, 54),
(109, 1, 200, 48),
(110, 3, 171, 48),
(111, 5, 165, 48),
(112, 20, 204, 53),
(113, 20, 201, 47),
(114, 9, 187, 40),
(115, 10, 173, 44),
(116, 11, 193, 49),
(117, 5, 198, 40),
(118, 0, 163, 44),
(119, 0, 116, 46),
(120, 10, 211, 47),
(121, 18, 133, 39),
(122, 10, 203, 41),
(123, 15, 157, 36),
(124, 14, 208, 51),
(125, 0, 204, 38),
(126, 8, 117, 53),
(127, 0, 150, 52),
(128, 0, 124, 44),
(129, 16, 210, 47),
(130, 0, 179, 37),
(131, 18, 112, 43),
(132, 4, 148, 45),
(133, 14, 181, 42),
(134, 8, 167, 54),
(135, 2, 145, 41),
(136, 11, 135, 36),
(137, 20, 126, 47),
(138, 4, 112, 46),
(139, 14, 162, 49),
(140, 14, 181, 37),
(141, 14, 179, 51),
(142, 5, 210, 38),
(143, 3, 172, 46),
(144, 12, 128, 49),
(145, 17, 187, 47),
(146, 7, 198, 52),
(147, 5, 210, 51),
(148, 4, 145, 54),
(149, 0, 193, 43),
(150, 13, 164, 52),
(151, 1, 179, 46),
(152, 18, 120, 39),
(153, 18, 129, 44),
(154, 14, 187, 45),
(155, 2, 179, 35),
(156, 18, 136, 37),
(157, 9, 199, 54),
(158, 20, 170, 51),
(159, 6, 167, 40),
(160, 8, 133, 36),
(161, 18, 149, 54),
(162, 19, 191, 53),
(163, 2, 167, 40),
(164, 14, 124, 35),
(165, 16, 136, 35),
(166, 16, 207, 50),
(167, 7, 178, 48),
(168, 15, 151, 53),
(169, 11, 121, 39),
(170, 16, 160, 40),
(171, 0, 129, 49),
(172, 5, 196, 40),
(173, 1, 194, 48),
(174, 9, 190, 36),
(175, 0, 147, 38),
(176, 12, 199, 46),
(177, 13, 194, 37),
(178, 11, 209, 35),
(179, 17, 190, 46),
(180, 19, 131, 40),
(181, 3, 129, 35),
(182, 9, 197, 53),
(183, 16, 114, 39),
(184, 6, 183, 39),
(185, 2, 174, 49),
(186, 7, 207, 48),
(187, 19, 129, 54),
(188, 4, 198, 48),
(189, 9, 180, 45),
(190, 15, 179, 49),
(191, 0, 117, 39),
(192, 16, 139, 38),
(193, 3, 198, 38),
(194, 10, 209, 35),
(195, 3, 195, 43),
(196, 13, 203, 51),
(197, 15, 210, 54),
(198, 20, 143, 42),
(199, 12, 118, 37),
(200, 2, 206, 46),
(201, 16, 116, 41),
(202, 20, 139, 53),
(203, 14, 144, 51),
(204, 1, 206, 51),
(205, 4, 176, 52),
(206, 6, 198, 35),
(207, 5, 276, 70),
(208, 13, 297, 61),
(209, 5, 285, 63),
(210, 11, 219, 64),
(211, 1, 248, 70),
(212, 15, 213, 70),
(213, 13, 275, 56),
(214, 8, 282, 67),
(215, 7, 284, 56),
(216, 8, 274, 58),
(217, 14, 237, 71),
(218, 13, 275, 60),
(219, 1, 295, 70),
(220, 5, 308, 57),
(221, 18, 285, 65),
(222, 20, 212, 62),
(223, 18, 251, 64),
(224, 10, 218, 66),
(225, 3, 306, 66),
(226, 0, 215, 64),
(227, 16, 244, 60),
(228, 3, 294, 58),
(229, 15, 226, 58),
(230, 19, 221, 58),
(231, 10, 273, 72),
(232, 1, 311, 56),
(233, 11, 296, 59),
(234, 8, 306, 66),
(235, 8, 298, 65),
(236, 15, 278, 57),
(237, 1, 213, 59),
(238, 0, 262, 65),
(239, 16, 259, 74),
(240, 18, 265, 62),
(241, 17, 285, 68),
(242, 4, 216, 62),
(243, 15, 231, 71),
(244, 13, 232, 55),
(245, 4, 237, 56),
(246, 18, 213, 73),
(247, 10, 230, 70),
(248, 0, 308, 61),
(249, 19, 307, 73),
(250, 20, 276, 74),
(251, 9, 253, 56),
(252, 0, 296, 62),
(253, 7, 223, 57),
(254, 2, 248, 70),
(255, 0, 310, 72),
(256, 7, 302, 59),
(257, 9, 249, 69),
(258, 19, 259, 68),
(259, 11, 289, 66),
(260, 18, 278, 72),
(261, 18, 298, 69),
(262, 3, 234, 73),
(263, 20, 266, 71),
(264, 6, 251, 63),
(265, 17, 310, 63),
(266, 11, 307, 63),
(267, 6, 283, 69),
(268, 15, 301, 70),
(269, 0, 273, 59),
(270, 3, 243, 68),
(271, 4, 290, 63),
(272, 20, 213, 65),
(273, 5, 266, 67),
(274, 6, 290, 71),
(275, 4, 239, 73),
(276, 4, 231, 65),
(277, 14, 213, 56),
(278, 18, 216, 69),
(279, 13, 229, 68),
(280, 3, 265, 74),
(281, 0, 267, 70),
(282, 15, 224, 66),
(283, 5, 281, 66),
(284, 13, 280, 71),
(285, 13, 282, 59),
(286, 2, 243, 62),
(287, 19, 311, 56),
(288, 16, 232, 58),
(289, 13, 296, 73),
(290, 0, 216, 63),
(291, 13, 285, 63),
(292, 6, 308, 71),
(293, 8, 238, 56),
(294, 1, 228, 62),
(295, 11, 243, 57),
(296, 2, 275, 62),
(297, 13, 214, 56),
(298, 2, 279, 74),
(299, 16, 270, 65),
(300, 17, 302, 73),
(301, 8, 235, 71),
(302, 6, 238, 58),
(303, 12, 306, 57),
(304, 17, 276, 60),
(305, 19, 305, 59),
(306, 20, 288, 57),
(307, 20, 349, 83),
(308, 10, 408, 86),
(309, 11, 369, 92),
(310, 1, 365, 85),
(311, 10, 405, 78),
(312, 15, 346, 93),
(313, 6, 352, 82),
(314, 15, 375, 81),
(315, 7, 384, 81),
(316, 14, 359, 82),
(317, 3, 360, 79),
(318, 6, 391, 90),
(319, 16, 338, 84),
(320, 14, 322, 83),
(321, 4, 376, 83),
(322, 4, 403, 88),
(323, 9, 361, 90),
(324, 0, 399, 94),
(325, 17, 402, 92),
(326, 18, 330, 91),
(327, 6, 400, 92),
(328, 20, 322, 87),
(329, 10, 370, 87),
(330, 20, 327, 81),
(331, 3, 370, 83),
(332, 9, 339, 87),
(333, 9, 406, 90),
(334, 16, 390, 79),
(335, 7, 379, 94),
(336, 11, 346, 83),
(337, 2, 339, 93),
(338, 6, 394, 87),
(339, 18, 381, 77),
(340, 13, 326, 87),
(341, 8, 312, 86),
(342, 15, 348, 85),
(343, 13, 393, 87),
(344, 5, 361, 91),
(345, 7, 407, 78),
(346, 9, 324, 93),
(347, 13, 333, 85),
(348, 15, 365, 81),
(349, 15, 390, 91),
(350, 7, 351, 92),
(351, 1, 315, 88),
(352, 18, 321, 75),
(353, 4, 363, 80),
(354, 12, 403, 84),
(355, 4, 386, 85),
(356, 3, 411, 79),
(357, 2, 359, 75),
(358, 2, 401, 75),
(359, 2, 385, 75),
(360, 1, 409, 87),
(361, 6, 390, 88),
(362, 20, 408, 81),
(363, 13, 355, 92),
(364, 10, 411, 79),
(365, 19, 326, 79),
(366, 6, 394, 92),
(367, 4, 326, 75),
(368, 18, 386, 86),
(369, 6, 340, 80),
(370, 12, 326, 79),
(371, 8, 322, 84),
(372, 5, 395, 88),
(373, 3, 389, 94),
(374, 8, 380, 86),
(375, 9, 358, 79),
(376, 4, 363, 77),
(377, 1, 382, 93),
(378, 6, 336, 78),
(379, 8, 354, 88),
(380, 13, 314, 84),
(381, 6, 370, 87),
(382, 14, 343, 81),
(383, 7, 341, 77),
(384, 16, 339, 91),
(385, 2, 375, 83),
(386, 7, 349, 87),
(387, 18, 394, 75),
(388, 0, 354, 83),
(389, 0, 402, 91),
(390, 16, 314, 90),
(391, 6, 355, 83),
(392, 6, 404, 88),
(393, 18, 369, 89),
(394, 2, 396, 80),
(395, 14, 359, 93),
(396, 9, 365, 81),
(397, 20, 337, 89),
(398, 13, 317, 75),
(399, 10, 387, 88),
(400, 3, 348, 90),
(401, 2, 322, 80),
(402, 10, 342, 88),
(403, 10, 355, 94),
(404, 16, 344, 85),
(405, 4, 344, 88),
(406, 7, 390, 93);

-- --------------------------------------------------------

--
-- Structure de la table `professeurs`
--

DROP TABLE IF EXISTS `professeurs`;
CREATE TABLE IF NOT EXISTS `professeurs` (
  `id` int(11) NOT NULL AUTO_INCREMENT,
  `nom` varchar(45) COLLATE utf16_bin NOT NULL,
  `prenom` varchar(45) COLLATE utf16_bin NOT NULL,
  PRIMARY KEY (`id`)
) ENGINE=InnoDB AUTO_INCREMENT=55 DEFAULT CHARSET=utf16 COLLATE=utf16_bin;

--
-- Déchargement des données de la table `professeurs`
--

INSERT INTO `professeurs` (`id`, `nom`, `prenom`) VALUES
(1, 'Venet', 'Alexandre'),
(2, 'Leonard', 'Kevin'),
(3, 'Guibon', 'Jeremy'),
(4, 'Lamy', 'Tristan'),
(5, 'Thibault', 'Thibaut'),
(6, 'Bazin', 'Patricia'),
(7, 'Roy', 'Jacques'),
(8, 'Leveque', 'Adèle'),
(9, 'Cordier', 'Célina'),
(10, 'Breton', 'Thibault'),
(11, 'David', 'Victor'),
(12, 'Buisson', 'Georges'),
(13, 'De Sousa', 'Clémence'),
(14, 'Descamps', 'Rémy'),
(15, 'Masson', 'William'),
(16, 'Courtois', 'Édouard'),
(17, 'Marie', 'Roger'),
(18, 'Riou', 'Isaac'),
(19, 'Brunel', 'Astrid'),
(20, 'Joly', 'Thierry'),
(21, 'Masse', 'Marcelle'),
(22, 'Charpentier', 'Christelle'),
(23, 'Robert', 'Adèle'),
(24, 'Bertrand', 'Suzanne'),
(25, 'Leroy', 'Astrid'),
(26, 'Monnier', 'Juliette'),
(27, 'Blin', 'Gabriel'),
(28, 'Barthelemy', 'Maryse'),
(29, 'Hernandez', 'Christiane'),
(30, 'Lambert', 'Martine'),
(31, 'Gomes', 'Andrée'),
(32, 'Thierry', 'Richard'),
(33, 'Schmitt', 'Philippe'),
(34, 'Fouquet', 'Olivier'),
(35, 'Andre', 'Édith'),
(36, 'Meyer', 'Susan'),
(37, 'Roux', 'Josette'),
(38, 'Colin', 'Jacques'),
(39, 'Roy', 'Jules'),
(40, 'Pascal', 'Augustin'),
(41, 'Le Goff', 'Anaïs'),
(42, 'Thierry', 'Marthe'),
(43, 'Fabre', 'Daniel'),
(44, 'Mahe', 'Christophe'),
(45, 'Olivier', 'Philippine'),
(46, 'Antoine', 'Jeanne'),
(47, 'Blondel', 'Alphonse'),
(48, 'Clement', 'Gérard'),
(49, 'Roy', 'Aimé'),
(50, 'Guilbert', 'Josette'),
(51, 'Bouvet', 'Margaret'),
(52, 'Berger', 'Henri'),
(53, 'Schmitt', 'Hortense'),
(54, 'Didier', 'Julie');

-- --------------------------------------------------------

--
-- Structure de la table `salaries`
--

DROP TABLE IF EXISTS `salaries`;
CREATE TABLE IF NOT EXISTS `salaries` (
  `id` int(11) NOT NULL AUTO_INCREMENT,
  `nom` varchar(45) COLLATE utf16_bin NOT NULL,
  `prenom` varchar(45) COLLATE utf16_bin NOT NULL,
  `poste` varchar(45) COLLATE utf16_bin NOT NULL,
  `entreprises_id` int(11) NOT NULL,
  PRIMARY KEY (`id`),
  KEY `fk_salaries_entreprises1_idx` (`entreprises_id`)
) ENGINE=InnoDB AUTO_INCREMENT=412 DEFAULT CHARSET=utf16 COLLATE=utf16_bin;

--
-- Déchargement des données de la table `salaries`
--

INSERT INTO `salaries` (`id`, `nom`, `prenom`, `poste`, `entreprises_id`) VALUES
(1, 'Mohamed Cassim', 'Sylvie', 'Developpeur FrontEnd', 1),
(2, 'Houvin', 'Corentin', 'Developpeur Fullstack', 2),
(3, 'Louasse', 'Maxime', 'Developpeur BackEnd', 1),
(8, 'Romaguera', 'Kennith', 'Facilis occaecati sunt tempore sint.', 11),
(9, 'Jacquot', 'Daniel', 'Nisi itaque qui hic.', 12),
(10, 'Fleury', 'Marine', 'Ipsam a aperiam iure dicta ad impedit.', 13),
(11, 'Martins', 'Frédéric', 'Et voluptas pariatur fugit.', 14),
(12, 'Bazin', 'Jules', 'Voluptas quisquam eveniet et aut.', 30),
(13, 'Morel', 'Agathe', 'In est eum unde voluptatem fuga.', 26),
(14, 'Bazin', 'Margot', 'Sunt qui tenetur occaecati aspernatur.', 22),
(15, 'Jacques', 'Henriette', 'Non minima atque dolor consequuntur.', 34),
(16, 'Delaunay', 'Renée', 'Sed accusamus ut quod.', 24),
(17, 'Picard', 'Stéphane', 'Distinctio qui corporis illum vero.', 18),
(18, 'Moreau', 'Gilbert', 'Qui aut vel placeat explicabo voluptatem.', 21),
(19, 'Weiss', 'Marine', 'Numquam soluta commodi quas.', 19),
(20, 'Berger', 'Amélie', 'Qui quia voluptatum qui quibusdam.', 29),
(21, 'Mahe', 'Théophile', 'Consequuntur dicta cum totam laboriosam.', 21),
(22, 'Michel', 'Eugène', 'Quia dolor aut corporis dolores.', 15),
(23, 'Godard', 'Inès', 'Totam dolorem ut delectus hic.', 23),
(24, 'Vidal', 'Henri', 'Est et velit dolores voluptas.', 23),
(25, 'Lejeune', 'Martin', 'Rerum reiciendis possimus consequatur.', 18),
(26, 'Hamon', 'Lucas', 'Sed animi illo molestias.', 24),
(27, 'Lemaire', 'Valérie', 'Quae ipsa et esse pariatur.', 24),
(28, 'Lambert', 'David', 'Quae nisi ad nisi magnam.', 27),
(29, 'Fernandez', 'Benoît', 'Et consectetur magnam suscipit quae.', 30),
(30, 'Chevallier', 'Christophe', 'Asperiores est non perspiciatis deleniti.', 29),
(31, 'Raymond', 'Nathalie', 'Velit facere maxime non iure amet.', 32),
(32, 'Marques', 'Valentine', 'Temporibus odit occaecati earum eum.', 32),
(33, 'Gillet', 'Odette', 'Fuga laudantium omnis ipsam.', 29),
(34, 'Perrot', 'Honoré', 'Voluptate omnis aliquam rerum dolor aliquam.', 32),
(35, 'Payet', 'Noémi', 'Animi velit dolor quidem velit rerum.', 31),
(36, 'Remy', 'Laetitia', 'Modi occaecati blanditiis et.', 27),
(37, 'Maury', 'Jacques', 'Ea autem itaque vitae. Nihil et quae alias.', 32),
(38, 'Bourgeois', 'Daniel', 'Cupiditate architecto sed eaque ut.', 18),
(39, 'Chevallier', 'Victoire', 'Rerum rem rerum reprehenderit eaque.', 26),
(40, 'Navarro', 'Élisabeth', 'Animi et et sit.', 18),
(41, 'Gillet', 'Lucas', 'Provident facere et eaque quae aut.', 21),
(42, 'Valentin', 'Michèle', 'Quo ipsa eveniet vitae culpa nobis.', 23),
(43, 'Pinto', 'Alexandre', 'Recusandae eligendi consectetur nostrum.', 20),
(44, 'Martineau', 'Alphonse', 'Eos voluptatem distinctio laboriosam.', 16),
(45, 'Texier', 'Anastasie', 'Fuga et laboriosam in distinctio molestias.', 20),
(46, 'Collet', 'Gérard', 'Sed unde deleniti dicta ut vel.', 25),
(47, 'Michaud', 'Véronique', 'Delectus incidunt sunt est porro.', 25),
(48, 'Hamon', 'Marguerite', 'Id dolorum aperiam dolorem eum sed facere.', 32),
(49, 'Mace', 'Suzanne', 'Iusto officia consectetur ut maxime eum.', 24),
(50, 'Rodriguez', 'Christophe', 'Ratione consectetur tempora minima est.', 34),
(51, 'Guillon', 'Amélie', 'Nemo necessitatibus sit eveniet.', 21),
(52, 'Roger', 'Claire', 'Modi adipisci libero iste temporibus.', 18),
(53, 'Lemoine', 'Guy', 'Magnam eius vitae deserunt rerum.', 15),
(54, 'Lefebvre', 'Nath', 'Eos ut molestiae totam optio et.', 26),
(55, 'Payet', 'Charles', 'Nesciunt sit illo rem quos.', 19),
(56, 'Marechal', 'Joséphine', 'Natus beatae facere aliquam quia.', 15),
(57, 'Hardy', 'Michelle', 'Velit quae ab unde rerum non aut qui.', 18),
(58, 'Lejeune', 'Océane', 'Quam error eveniet cupiditate.', 17),
(59, 'Rodrigues', 'Robert', 'Rerum minus sed quo cum temporibus.', 24),
(60, 'Boyer', 'Marine', 'Id maxime adipisci sit maiores.', 25),
(61, 'Normand', 'Jean', 'Delectus nisi vitae minus nam aut et.', 29),
(62, 'Martins', 'Odette', 'Et non porro et voluptatem.', 21),
(63, 'Blanchet', 'Rémy', 'Et sit aperiam vel in sit dignissimos a.', 18),
(64, 'Guillet', 'Capucine', 'Delectus enim et qui.', 30),
(65, 'Dufour', 'Adrienne', 'Recusandae est ut recusandae ipsa ratione.', 32),
(66, 'Rocher', 'Dominique', 'Incidunt officiis et est fugit perspiciatis.', 16),
(67, 'Duval', 'Grégoire', 'Et vel debitis ab et numquam.', 23),
(68, 'Brunet', 'Christophe', 'Adipisci mollitia et eius et molestiae est.', 15),
(69, 'Blin', 'Georges', 'Eum debitis accusamus architecto aut et.', 28),
(70, 'Perrier', 'Marcelle', 'Magni dicta eaque et sint fugiat quam.', 21),
(71, 'Leconte', 'Jacques', 'Fugit eos eos non ut.', 26),
(72, 'Jacques', 'Susan', 'Quis nemo ea necessitatibus laborum.', 26),
(73, 'Bonneau', 'Charles', 'Itaque vel sint similique.', 22),
(74, 'Rolland', 'Julie', 'Ex adipisci necessitatibus officia est.', 21),
(75, 'Lacombe', 'Aurélie', 'Beatae minus aut dolores accusamus impedit.', 26),
(76, 'Nicolas', 'Corinne', 'Natus corrupti nulla aut.', 32),
(77, 'Lemaitre', 'Nathalie', 'Ratione vitae ut earum et itaque deserunt.', 17),
(78, 'Sanchez', 'Aurélie', 'Enim tempore et officiis aut quo nam.', 33),
(79, 'Evrard', 'Geneviève', 'Debitis ratione labore eum repellendus.', 18),
(80, 'Picard', 'Adrienne', 'Esse tempora eos adipisci quasi.', 26),
(81, 'Bouvet', 'Henri', 'Distinctio saepe rerum quas animi.', 34),
(82, 'Richard', 'Jacques', 'Qui perferendis id modi similique quod.', 29),
(83, 'Vasseur', 'Éric', 'Cum quia et recusandae.', 32),
(84, 'Laine', 'Lucie', 'Maiores a magnam delectus veniam ab.', 21),
(85, 'Lacroix', 'Antoinette', 'Sint optio veniam quas est eos temporibus.', 27),
(86, 'Perrier', 'Bernard', 'Natus consequatur quia ut quasi et.', 31),
(87, 'Becker', 'Étienne', 'Odit soluta ea maiores nisi aut.', 31),
(88, 'Albert', 'Joseph', 'Vero suscipit et omnis.', 27),
(89, 'Rousseau', 'Denise', 'Quis odit et aperiam id ipsam iste.', 25),
(90, 'Begue', 'Claude', 'Cum eum ut autem.', 16),
(91, 'Grenier', 'Jacques', 'Error saepe nostrum quia sequi sit.', 18),
(92, 'Guerin', 'Bertrand', 'Dolorem quo vel id nulla consectetur.', 15),
(93, 'Chretien', 'Jacques', 'Est illo et pariatur velit voluptatum eos.', 25),
(94, 'Louis', 'Daniel', 'Voluptatem et ipsa ut enim provident.', 17),
(95, 'Weiss', 'Martine', 'Aliquid earum qui minus hic.', 29),
(96, 'Lecoq', 'François', 'Et eum necessitatibus atque quo.', 19),
(97, 'Verdier', 'Timothée', 'Possimus ipsum ut id qui blanditiis aliquid.', 28),
(98, 'Meyer', 'Cécile', 'Alias in aut itaque omnis laudantium.', 22),
(99, 'Schneider', 'Christiane', 'Neque iusto provident esse commodi culpa.', 21),
(100, 'Royer', 'Xavier', 'Unde ad aspernatur cumque.', 16),
(101, 'Merle', 'Gilles', 'Ut ut veniam voluptatem consequuntur.', 33),
(102, 'Meyer', 'Lucas', 'Aut aliquid optio odit perferendis quae.', 23),
(103, 'Chretien', 'Aimé', 'Ut qui dolores ut repellendus.', 24),
(104, 'Brun', 'Bernard', 'Et rerum illum sed.', 15),
(105, 'Hoarau', 'Étienne', 'Quia incidunt et tenetur dolores ut a.', 25),
(106, 'Dos Santos', 'Bernadette', 'Autem ex accusantium omnis maxime.', 22),
(107, 'Lecomte', 'Pénélope', 'Repellat vel magnam quibusdam ipsa quia.', 32),
(108, 'Parent', 'Philippine', 'Tempora expedita architecto nesciunt.', 30),
(109, 'Leconte', 'Constance', 'Culpa repudiandae eos sint est.', 16),
(110, 'Normand', 'André', 'Ea quisquam quod minima architecto qui.', 33),
(111, 'Aubry', 'Vincent', 'Labore impedit ea doloremque.', 19),
(112, 'Dupuy', 'Olivier', 'Aut iusto quis doloremque qui sit nesciunt.', 53),
(113, 'Petit', 'Lorraine', 'Et sit in nihil modi esse adipisci qui.', 35),
(114, 'Fischer', 'Suzanne', 'Natus quia fugiat non dignissimos.', 44),
(115, 'Thibault', 'Margot', 'Repudiandae alias minima doloremque.', 45),
(116, 'Lemonnier', 'Laurent', 'Omnis quia quaerat sint.', 53),
(117, 'Turpin', 'Arthur', 'Quo molestiae nemo iure.', 36),
(118, 'Guilbert', 'Claudine', 'Nam quidem pariatur voluptatem.', 38),
(119, 'Weber', 'Anne', 'Commodi nihil quidem labore suscipit vero.', 45),
(120, 'Dijoux', 'Sylvie', 'Quia rem quis nisi quia dolore natus atque.', 38),
(121, 'Maillard', 'Sébastien', 'Voluptas sit aut distinctio.', 54),
(122, 'Clement', 'William', 'Quo delectus dolores enim.', 53),
(123, 'Sauvage', 'Lucie', 'Recusandae rerum qui nulla inventore.', 52),
(124, 'Jacquet', 'Eugène', 'Vel atque tenetur aut dolore iste.', 49),
(125, 'Carlier', 'Océane', 'Eaque ab cum cumque laboriosam ea.', 54),
(126, 'Maillot', 'Lucas', 'Tempora nobis fugiat aut.', 44),
(127, 'Imbert', 'Roland', 'Porro temporibus voluptatum non.', 51),
(128, 'Georges', 'Susan', 'Maiores voluptas officia magni at id.', 49),
(129, 'Bonnin', 'Frédérique', 'Temporibus natus nobis fugiat qui quia et.', 39),
(130, 'Carpentier', 'Marthe', 'Omnis eos praesentium officia aspernatur.', 44),
(131, 'Baron', 'Patricia', 'Optio voluptatem non dolores nostrum in.', 35),
(132, 'Delaunay', 'Bernard', 'Quaerat sed tempore perspiciatis quam.', 43),
(133, 'Joubert', 'Timothée', 'Autem expedita voluptatem et assumenda.', 36),
(134, 'Hoarau', 'Jérôme', 'Officiis maxime repudiandae nostrum ea.', 35),
(135, 'Hernandez', 'Vincent', 'Dolorem et placeat ea.', 42),
(136, 'Klein', 'Anastasie', 'Voluptatum at aliquid molestiae maxime.', 43),
(137, 'Marion', 'Claire', 'Doloribus nihil eveniet et aliquid ad.', 39),
(138, 'Bonnin', 'Martine', 'Dolorem maiores tempora commodi.', 53),
(139, 'Hoarau', 'Madeleine', 'Soluta pariatur cum et quisquam est ipsa.', 41),
(140, 'Le Gall', 'Julien', 'Voluptatum laborum assumenda laborum nihil.', 36),
(141, 'Gerard', 'Amélie', 'Alias recusandae error asperiores.', 37),
(142, 'Bouchet', 'Christiane', 'Quae aut dicta iusto asperiores.', 36),
(143, 'Leroy', 'Frédéric', 'Quisquam nesciunt magnam harum similique.', 35),
(144, 'Dijoux', 'Anne', 'Facere officia veniam corporis.', 48),
(145, 'Gimenez', 'Suzanne', 'Temporibus voluptatem dicta qui mollitia.', 54),
(146, 'Jean', 'Louise', 'Dolor delectus quam nulla consectetur.', 44),
(147, 'Herve', 'Marcelle', 'Atque dolor eos totam maxime at.', 54),
(148, 'Robin', 'Manon', 'Doloremque cumque hic quo sunt eveniet.', 48),
(149, 'Hamel', 'Thibaut', 'Ut ut autem quia minima dicta adipisci.', 35),
(150, 'Marques', 'Daniel', 'Quis et velit ea consectetur.', 50),
(151, 'Becker', 'Lucas', 'Voluptatem mollitia nulla adipisci eum.', 43),
(152, 'Payet', 'Olivier', 'Veniam in soluta et eius quidem.', 41),
(153, 'Guibert', 'Hugues', 'Neque tempore quod aperiam ut minus.', 47),
(154, 'Salmon', 'Céline', 'Aliquam voluptatem sit ipsam autem.', 51),
(155, 'Humbert', 'Danielle', 'Est et quaerat optio quaerat.', 47),
(156, 'Meunier', 'Stéphane', 'Voluptatem iure ut odio soluta ut et quas.', 46),
(157, 'Navarro', 'Marcel', 'Sed est at error sed dolorem neque.', 51),
(158, 'Boulanger', 'Anne', 'Sapiente et beatae alias.', 37),
(159, 'Marechal', 'Odette', 'Sint quas impedit quaerat eveniet nisi.', 41),
(160, 'Cordier', 'Thierry', 'Tenetur quis reiciendis ut.', 38),
(161, 'Raymond', 'Xavier', 'Consequatur enim ad cumque illo ratione.', 39),
(162, 'Neveu', 'Vincent', 'Voluptatum ut eum nihil libero vero.', 52),
(163, 'Brun', 'Roland', 'Labore recusandae exercitationem vel quia.', 36),
(164, 'Levy', 'Arthur', 'In perferendis nobis dolorum vero quia.', 41),
(165, 'Barbier', 'Véronique', 'Fuga repellendus aut corporis hic qui sit.', 46),
(166, 'Laporte', 'Gérard', 'Quis corporis et perferendis omnis vel.', 35),
(167, 'Barbier', 'Victor', 'Quam sed in quidem illum dolor qui quos.', 41),
(168, 'Legendre', 'Auguste', 'Doloribus sed eos voluptates molestiae.', 52),
(169, 'Marchal', 'Valentine', 'Est labore aut aut illo eius.', 52),
(170, 'Diallo', 'Julien', 'Repudiandae alias numquam temporibus sit.', 52),
(171, 'Rodrigues', 'Léon', 'Qui neque itaque laboriosam ex porro.', 50),
(172, 'Couturier', 'Frédéric', 'Illo sunt voluptatem et ut sunt aut.', 45),
(173, 'Duval', 'Aurélie', 'Voluptas velit voluptates sit.', 46),
(174, 'Ferreira', 'Caroline', 'Ab natus quisquam ut et.', 42),
(175, 'Martin', 'David', 'Quos unde quidem modi doloremque.', 39),
(176, 'Perrin', 'Christophe', 'Quod ut id vero quis sit eos praesentium et.', 42),
(177, 'Pruvost', 'Aurélie', 'Porro eum quis et modi.', 36),
(178, 'Riviere', 'Arthur', 'Est voluptates deserunt qui est.', 38),
(179, 'Cordier', 'Eugène', 'Earum nostrum sequi necessitatibus.', 52),
(180, 'Pons', 'Céline', 'Sit quo at maxime similique.', 40),
(181, 'Mendes', 'Margaret', 'Libero neque vitae assumenda ea vel saepe.', 53),
(182, 'De Oliveira', 'Gilles', 'Mollitia consectetur totam animi hic.', 42),
(183, 'Vallet', 'Simone', 'Iste eos error et ab expedita.', 43),
(184, 'Merle', 'Honoré', 'Eius deserunt omnis et magni nihil.', 43),
(185, 'Perrot', 'Henri', 'Dolor non vitae voluptate aperiam.', 38),
(186, 'Gonzalez', 'Aimé', 'Quia sit soluta earum.', 40),
(187, 'Dos Santos', 'Thérèse', 'Qui qui fugiat totam voluptas quae id.', 46),
(188, 'Deschamps', 'Arnaude', 'Aut vel illum totam tempora consequatur.', 43),
(189, 'Valentin', 'Inès', 'Quisquam quos aut dolorem quis.', 51),
(190, 'Meyer', 'Amélie', 'Nihil dolorem molestias est ipsum.', 51),
(191, 'Masson', 'Élise', 'Ipsum nihil praesentium corporis eum.', 49),
(192, 'Lopez', 'Noël', 'Aliquid recusandae ipsam ea praesentium est.', 52),
(193, 'Lucas', 'Jacques', 'Quas dolore ut aut sit.', 51),
(194, 'Voisin', 'Paulette', 'Neque facere qui est ullam qui accusamus.', 52),
(195, 'Devaux', 'René', 'Dolores voluptas et aut a laudantium.', 53),
(196, 'Besnard', 'Yves', 'Quia doloremque occaecati commodi.', 35),
(197, 'Raymond', 'Édouard', 'Neque ducimus aut impedit porro.', 37),
(198, 'Noel', 'Guillaume', 'Fugiat ratione quia eum odio in facere.', 39),
(199, 'Muller', 'Paulette', 'Nostrum voluptatem modi quia perferendis.', 44),
(200, 'Marchal', 'Véronique', 'Vel fugiat quibusdam eaque est itaque culpa.', 40),
(201, 'Rousset', 'Laurence', 'Tempore veniam quod dolor labore amet.', 50),
(202, 'Delmas', 'Marc', 'Quis aut voluptatem in qui.', 48),
(203, 'Bonnin', 'Émile', 'Aut est rerum incidunt modi.', 43),
(204, 'Perrin', 'Élodie', 'Molestias est provident vitae commodi.', 40),
(205, 'Humbert', 'Caroline', 'Dolore omnis accusantium sed.', 35),
(206, 'Legrand', 'Hélène', 'Doloremque aliquam officia sed possimus.', 52),
(207, 'Daniel', 'Juliette', 'Cumque dolore explicabo qui qui excepturi.', 51),
(208, 'Navarro', 'Hugues', 'Dolorem possimus reprehenderit ab.', 36),
(209, 'Grenier', 'Suzanne', 'Ab nihil optio omnis laudantium.', 54),
(210, 'Rossi', 'Richard', 'Vel nihil aut aut ut.', 45),
(211, 'Guichard', 'Henri', 'At vero consequatur earum veritatis.', 40),
(212, 'Lecoq', 'Alexandrie', 'Ea omnis quos odit blanditiis.', 59),
(213, 'Guerin', 'Georges', 'Reiciendis nobis dolores qui.', 58),
(214, 'Leveque', 'Thomas', 'A placeat dolores sit provident.', 70),
(215, 'Neveu', 'Catherine', 'Perspiciatis atque consequuntur distinctio.', 57),
(216, 'Denis', 'Hélène', 'Voluptatibus qui quo qui veritatis.', 56),
(217, 'De Sousa', 'Thierry', 'Cum asperiores consequatur quo omnis.', 62),
(218, 'Chevallier', 'Édouard', 'Quia debitis voluptatem assumenda enim.', 65),
(219, 'Marion', 'Noël', 'Tempora ea et amet ea.', 61),
(220, 'Pineau', 'Eugène', 'Facilis enim repellat facere aut eos.', 57),
(221, 'Hamel', 'Suzanne', 'Alias labore ipsum voluptas voluptate.', 58),
(222, 'Valentin', 'Denise', 'Laudantium ut nulla autem amet eligendi ut.', 61),
(223, 'Peron', 'Jean', 'Et sed magni eum consequatur modi et.', 73),
(224, 'Joubert', 'Diane', 'Nihil delectus sit quos iure dolor.', 65),
(225, 'Marin', 'Marine', 'Et dolorem officia nostrum.', 59),
(226, 'Parent', 'Noël', 'Aut qui iure qui qui et dolore.', 73),
(227, 'Neveu', 'Susan', 'Autem dolor quo aut laborum.', 61),
(228, 'Da Silva', 'Vincent', 'Voluptatem asperiores et accusamus atque.', 73),
(229, 'Normand', 'Jules', 'Nam esse itaque officia dolores mollitia.', 55),
(230, 'Hamon', 'Margot', 'Maxime eos rerum ex neque alias animi ut.', 57),
(231, 'Vincent', 'Olivie', 'Magnam ea doloribus maxime minus.', 73),
(232, 'Roussel', 'Hortense', 'Vel aut veniam praesentium nam beatae dolor.', 70),
(233, 'Delahaye', 'Luc', 'Quia eaque dolor ab atque.', 73),
(234, 'Delattre', 'Claudine', 'Voluptatibus eos explicabo sunt qui omnis.', 63),
(235, 'Toussaint', 'Philippine', 'Quia eos harum officiis eum quas maxime.', 69),
(236, 'Gautier', 'Roger', 'Voluptas consequuntur eius natus doloremque.', 73),
(237, 'Fontaine', 'Frédérique', 'Ut ea et nihil fugit illum non.', 62),
(238, 'Lucas', 'André', 'Nobis maxime vero sed laudantium.', 62),
(239, 'Leroux', 'Alexandria', 'Incidunt cum earum voluptas alias esse quas.', 62),
(240, 'Leduc', 'Nicole', 'Fugiat omnis sed praesentium quod.', 65),
(241, 'Remy', 'Colette', 'Eaque sit repellat natus suscipit quaerat.', 69),
(242, 'Gros', 'Pauline', 'Ipsum quisquam temporibus saepe nobis.', 55),
(243, 'Perez', 'Alexandre', 'Est harum assumenda earum soluta.', 73),
(244, 'Blanchard', 'Raymond', 'Itaque animi illo deleniti numquam.', 61),
(245, 'Guibert', 'Constance', 'Ipsa saepe consequatur id deleniti.', 65),
(246, 'Huet', 'Bernard', 'Quis aut voluptatem commodi ex iste.', 56),
(247, 'Riviere', 'Frédéric', 'Sunt id culpa culpa eos.', 68),
(248, 'Mace', 'Stéphane', 'Est dolores enim est sunt atque omnis eius.', 61),
(249, 'Louis', 'Arthur', 'Beatae fugiat et et qui.', 57),
(250, 'Gerard', 'Célina', 'Aliquid non possimus sed autem.', 74),
(251, 'Poulain', 'Zacharie', 'Ipsa illo nostrum sequi fugit quasi enim.', 59),
(252, 'Devaux', 'Juliette', 'Qui voluptas id exercitationem sint.', 56),
(253, 'Rossi', 'Benoît', 'Illo consectetur et sunt similique sint.', 71),
(254, 'Dias', 'Thibaut', 'Eligendi repellendus quibusdam quaerat.', 65),
(255, 'Techer', 'Roland', 'Nesciunt maxime consequuntur ab minus porro.', 70),
(256, 'Lemonnier', 'Benoît', 'Consequuntur maxime consequatur rerum ipsam.', 57),
(257, 'Lemonnier', 'Marine', 'Quos cupiditate voluptas eum temporibus.', 69),
(258, 'Munoz', 'Élodie', 'Qui quia eos repellendus et adipisci.', 74),
(259, 'Berger', 'Thérèse', 'Vitae velit quam commodi labore quis.', 57),
(260, 'Bailly', 'Hélène', 'Nihil error reprehenderit aut cum.', 70),
(261, 'Thibault', 'Philippe', 'Consequatur veniam magnam iure voluptatem.', 70),
(262, 'Gilles', 'Augustin', 'Odit ea aperiam natus beatae.', 65),
(263, 'Dumas', 'Thibaut', 'Ex consequatur temporibus quod porro.', 64),
(264, 'Delahaye', 'Raymond', 'Dolorem ducimus aut consequatur quidem.', 70),
(265, 'Dupre', 'Thérèse', 'Voluptatem qui voluptatem dolorem.', 74),
(266, 'Cohen', 'Bernadette', 'Reprehenderit et nam sapiente ea.', 73),
(267, 'Foucher', 'Valentine', 'Id est aut vitae minus.', 73),
(268, 'Bonneau', 'Jules', 'Ut veritatis atque maiores.', 61),
(269, 'Lelievre', 'Marine', 'Nihil tempore nemo quis magnam.', 56),
(270, 'Leclercq', 'Agathe', 'Voluptatem voluptatem et ut ea atque itaque.', 57),
(271, 'Potier', 'Arnaude', 'Distinctio mollitia quia sed facere libero.', 63),
(272, 'Guilbert', 'Philippe', 'Vel nostrum quo molestiae.', 55),
(273, 'Voisin', 'Aurélie', 'Odio sit recusandae adipisci.', 55),
(274, 'Parent', 'Maryse', 'Maxime alias eos atque ut qui magnam dicta.', 61),
(275, 'Bonnin', 'Éric', 'Placeat nesciunt consequatur nisi alias et.', 65),
(276, 'Boyer', 'Margaret', 'Adipisci dolorum ea distinctio.', 71),
(277, 'Gomes', 'Anaïs', 'Ut officiis hic perferendis beatae libero.', 66),
(278, 'Foucher', 'William', 'Illo delectus animi atque doloribus.', 65),
(279, 'Thierry', 'Alphonse', 'Tenetur iure a eum facilis.', 68),
(280, 'Besson', 'Joseph', 'Alias sapiente nemo et modi iure.', 69),
(281, 'Brun', 'Anaïs', 'Unde porro ad non maiores illum suscipit.', 69),
(282, 'Blin', 'Bernard', 'Libero modi ducimus et.', 65),
(283, 'Mahe', 'Adrien', 'In est consequatur esse quam omnis in.', 58),
(284, 'Besnard', 'Gilles', 'Expedita omnis optio provident.', 68),
(285, 'Guichard', 'Gérard', 'Magnam iste commodi vitae voluptatem.', 56),
(286, 'Merle', 'Augustin', 'Placeat quis aut similique non.', 63),
(287, 'Charles', 'Emmanuelle', 'Voluptate quia autem quidem optio nihil.', 63),
(288, 'Guichard', 'Arthur', 'Dolor facere quis nesciunt unde aut.', 67),
(289, 'Leblanc', 'Stéphanie', 'Similique nostrum iure atque ex adipisci ut.', 66),
(290, 'Bourgeois', 'Augustin', 'Sint sunt eum sit quas quibusdam blanditiis.', 55),
(291, 'Collin', 'Nicolas', 'Ex et enim voluptates eius quis in ut omnis.', 60),
(292, 'Le Gall', 'François', 'Enim perspiciatis iure repudiandae.', 60),
(293, 'Pineau', 'Inès', 'Eius doloribus tenetur nostrum eaque.', 70),
(294, 'Guillon', 'Raymond', 'Magni est iure temporibus provident nisi.', 61),
(295, 'Aubry', 'Adrienne', 'Non ipsum dignissimos veritatis.', 68),
(296, 'Neveu', 'Louis', 'Odio non nostrum at quidem.', 59),
(297, 'Andre', 'Marianne', 'At non eos reiciendis est nihil voluptates.', 69),
(298, 'Dubois', 'Adélaïde', 'Est rem illum praesentium eos ipsum.', 74),
(299, 'Bernier', 'Noémi', 'Nihil iste vel accusantium et.', 58),
(300, 'Barthelemy', 'Marine', 'Ex architecto architecto soluta.', 68),
(301, 'Bernard', 'Lorraine', 'Qui et reiciendis ut tempore.', 65),
(302, 'Chauvin', 'Vincent', 'Sunt quis alias unde hic.', 65),
(303, 'Germain', 'Anastasie', 'Cum enim officia quo.', 59),
(304, 'Rossi', 'Georges', 'Fugit dolore perspiciatis et ut quo.', 55),
(305, 'Boulay', 'Olivier', 'Commodi pariatur deserunt provident.', 66),
(306, 'Pruvost', 'Philippine', 'Accusantium quasi aliquam voluptates odio.', 61),
(307, 'Guillaume', 'Gérard', 'Et repellat impedit officiis aperiam cum ea.', 55),
(308, 'Potier', 'Pierre', 'Sed eos sunt et blanditiis.', 73),
(309, 'Didier', 'Aurélie', 'Dignissimos quidem debitis repudiandae.', 67),
(310, 'Begue', 'Frédérique', 'Tenetur aliquam aliquid beatae sit.', 65),
(311, 'Langlois', 'Marcel', 'A placeat qui molestias.', 67),
(312, 'Joubert', 'Alexandre', 'Quasi ut similique id aliquam non tempora.', 91),
(313, 'Brun', 'Aimée', 'Itaque qui dignissimos sed consequatur vel.', 85),
(314, 'Jacquet', 'Christelle', 'Enim molestiae voluptas fugit.', 88),
(315, 'Ruiz', 'Julien', 'Qui reiciendis voluptatem ad et dolorum.', 77),
(316, 'Lefebvre', 'Jean', 'Iure eos qui recusandae excepturi et.', 79),
(317, 'Giraud', 'Hélène', 'Aut ex est nulla et nobis eaque nisi.', 84),
(318, 'Bouchet', 'Laurent', 'Et ullam sit veniam laboriosam in.', 85),
(319, 'Jacques', 'Robert', 'Omnis eum corporis tempore aut possimus.', 85),
(320, 'De Sousa', 'Lucas', 'Ut provident odit quisquam.', 82),
(321, 'Vidal', 'Rémy', 'Voluptas similique sapiente quo esse aut.', 88),
(322, 'Guilbert', 'Adrienne', 'Ut quidem qui eveniet.', 90),
(323, 'Labbe', 'Astrid', 'Nemo accusantium enim sit esse.', 85),
(324, 'Barthelemy', 'Danielle', 'Nesciunt iste ab temporibus est molestiae.', 91),
(325, 'Navarro', 'Emmanuel', 'Omnis quia atque nulla ut voluptatibus sed.', 81),
(326, 'Leclercq', 'Alain', 'Qui qui dolor id quasi ad labore enim.', 81),
(327, 'Renault', 'Jeannine', 'Vel reprehenderit est sunt temporibus.', 91),
(328, 'Baudry', 'Margaret', 'Qui natus repudiandae sint facilis.', 89),
(329, 'Gaillard', 'Noémi', 'Illum sit aliquam et ipsum et beatae.', 81),
(330, 'Jacob', 'Éric', 'Vel voluptatem ullam facilis.', 88),
(331, 'Guilbert', 'Marie', 'Voluptatem natus odit iste ad.', 82),
(332, 'Fernandes', 'Sylvie', 'Et consequatur aut amet officiis nisi ullam.', 80),
(333, 'Ledoux', 'Stéphanie', 'Quisquam corrupti ex similique qui.', 90),
(334, 'Lemonnier', 'Valérie', 'Debitis ea dicta molestiae et.', 81),
(335, 'Brunet', 'Charles', 'Distinctio et earum quisquam nihil pariatur.', 76),
(336, 'Robert', 'Laure', 'Amet tempore et repudiandae architecto.', 75),
(337, 'Deschamps', 'Marguerite', 'Eos ratione iusto id.', 81),
(338, 'Laroche', 'Catherine', 'Natus doloremque porro qui eos eum.', 93),
(339, 'Masson', 'Aimé', 'Ullam adipisci beatae quos.', 87),
(340, 'Perrot', 'Tristan', 'Sapiente cupiditate quasi quasi qui.', 83),
(341, 'Adam', 'Hugues', 'Magni qui totam saepe nihil similique quam.', 85),
(342, 'Begue', 'Pénélope', 'Officiis error aut dolores.', 88),
(343, 'Faure', 'William', 'Dolore aut qui est ratione ut inventore.', 91),
(344, 'Mercier', 'Antoinette', 'Provident qui harum dolorem consectetur aut.', 92),
(345, 'Boulanger', 'Roger', 'Quia quia nulla commodi libero eveniet.', 85),
(346, 'Jacquot', 'Gérard', 'Quibusdam ut ipsam nihil nulla eum.', 89),
(347, 'Weber', 'Claudine', 'Omnis ex debitis quo aliquam.', 75),
(348, 'Maillot', 'Clémence', 'Rerum quaerat eum eum.', 92),
(349, 'Rolland', 'Matthieu', 'Facere quaerat laborum debitis.', 82),
(350, 'Leleu', 'Eugène', 'Illo culpa aut repellat.', 78),
(351, 'Schneider', 'Xavier', 'Rem deleniti quae dolores.', 91),
(352, 'Monnier', 'Éric', 'Commodi fugiat quasi sint enim in explicabo.', 80),
(353, 'Tessier', 'Richard', 'Eius voluptatem earum ipsam corrupti.', 93),
(354, 'Albert', 'Xavier', 'Est velit quam esse maxime neque delectus.', 88),
(355, 'Pelletier', 'Franck', 'Nam explicabo cupiditate cumque officia.', 80),
(356, 'Paul', 'Véronique', 'Ea doloremque velit ducimus.', 78),
(357, 'Bonnin', 'Eugène', 'Qui aut aut quas est harum praesentium sint.', 94),
(358, 'Legrand', 'Christelle', 'Labore saepe odit magni maxime fuga.', 81),
(359, 'Mary', 'Célina', 'Vel architecto quis officia iure ipsa aut.', 80),
(360, 'Le Goff', 'Claire', 'Non ut repellat molestiae harum.', 82),
(361, 'Rodrigues', 'Noémi', 'Similique est voluptas eum porro inventore.', 76),
(362, 'Camus', 'Hélène', 'Rem doloremque voluptatem sed quaerat est.', 77),
(363, 'Michaud', 'Thierry', 'Enim fuga et est rerum. Fugit qui et iure.', 88),
(364, 'Simon', 'Thierry', 'Porro est et fuga vitae eos laborum ut.', 77),
(365, 'Denis', 'Gérard', 'Perferendis nesciunt non soluta eos.', 89),
(366, 'Maillot', 'Christiane', 'Ab quis facere molestias sed.', 81),
(367, 'Costa', 'Franck', 'Inventore repellendus modi aut nostrum illo.', 78),
(368, 'Deschamps', 'Antoine', 'Eligendi deserunt non quas id fuga.', 93),
(369, 'Bigot', 'Françoise', 'Nulla et dolor qui dolore aspernatur.', 81),
(370, 'Gimenez', 'Henri', 'Dicta cum aut placeat ut.', 88),
(371, 'Hamon', 'Alexandre', 'Suscipit quisquam consectetur nulla odio.', 83),
(372, 'Besnard', 'Lucie', 'Ut placeat rerum molestiae blanditiis.', 88),
(373, 'Pasquier', 'Anouk', 'Nemo illum commodi dolorem voluptatem.', 93),
(374, 'Marechal', 'Célina', 'Odit similique at ea molestiae blanditiis.', 89),
(375, 'Philippe', 'Henri', 'Doloribus et molestiae corrupti magnam.', 78),
(376, 'Gosselin', 'Emmanuelle', 'Et voluptas dolores est sunt.', 77),
(377, 'Gomes', 'Léon', 'Aut iste perspiciatis repellat ratione.', 83),
(378, 'Philippe', 'Raymond', 'Cupiditate et alias id nostrum odio quo est.', 94),
(379, 'Rolland', 'Stéphanie', 'Officia quidem enim voluptatem ad sed.', 87),
(380, 'Lecomte', 'Chantal', 'Quo voluptate et non sed et et.', 76),
(381, 'Chevallier', 'Simone', 'Quaerat optio cumque qui reiciendis.', 94),
(382, 'Bonneau', 'Honoré', 'Aliquam ex quia id nulla non voluptas.', 93),
(383, 'Martinez', 'Caroline', 'Sit qui voluptatem est odio et sed.', 93),
(384, 'Martineau', 'Madeleine', 'Dolore illo corrupti sapiente ab.', 91),
(385, 'Coste', 'Océane', 'Culpa minus beatae aut consequatur.', 82),
(386, 'Pelletier', 'Édouard', 'Deleniti voluptas labore eum rerum.', 79),
(387, 'Lombard', 'Antoinette', 'Et optio sunt excepturi saepe est.', 75),
(388, 'Payet', 'Eugène', 'Illo et quae laudantium quia sed.', 88),
(389, 'Guyon', 'Adélaïde', 'Autem et accusantium et vel.', 87),
(390, 'Riou', 'Aimée', 'In temporibus delectus qui illum.', 93),
(391, 'Rossi', 'Hortense', 'Perferendis earum sit voluptatem rerum.', 80),
(392, 'Marchal', 'Yves', 'Eum quas sapiente dicta blanditiis autem.', 89),
(393, 'Girard', 'Anaïs', 'Qui sunt sed aspernatur fugiat.', 88),
(394, 'Hernandez', 'Joseph', 'Corrupti quibusdam et sit id voluptate odio.', 87),
(395, 'Lebon', 'Marthe', 'Minima dolore tempora ratione.', 94),
(396, 'Begue', 'Guy', 'Et ut voluptas omnis iure dolorum modi eos.', 92),
(397, 'Weiss', 'Paul', 'Facere dolorem quam aut laudantium.', 76),
(398, 'Diallo', 'Henri', 'Dolor illo corrupti accusamus et.', 75),
(399, 'Olivier', 'Alphonse', 'Vitae possimus architecto et debitis.', 79),
(400, 'Robin', 'Michelle', 'Veniam et minima veritatis.', 79),
(401, 'Teixeira', 'Dominique', 'Maxime libero et corrupti quos est.', 80),
(402, 'Pineau', 'Danielle', 'Ratione mollitia illum ut asperiores iure.', 83),
(403, 'Chauveau', 'Joséphine', 'Non deserunt sit sunt similique.', 77),
(404, 'Grondin', 'Thierry', 'Ut in temporibus illum non et.', 80),
(405, 'Adam', 'Françoise', 'Molestias voluptas eos deleniti nihil id.', 89),
(406, 'Mathieu', 'Victor', 'Illo quia expedita dolores sed velit.', 78),
(407, 'Allain', 'Benjamin', 'Ratione rerum est possimus maiores.', 84),
(408, 'Gaillard', 'Susanne', 'Eum inventore ea expedita sapiente aut quia.', 75),
(409, 'Turpin', 'Françoise', 'Earum est ut atque.', 83),
(410, 'Poulain', 'Philippe', 'Non et neque repellendus aut omnis rerum.', 81),
(411, 'Delannoy', 'Claudine', 'At quis et at tempore perferendis.', 78);

-- --------------------------------------------------------

--
-- Structure de la table `salles`
--

DROP TABLE IF EXISTS `salles`;
CREATE TABLE IF NOT EXISTS `salles` (
  `id` int(11) NOT NULL AUTO_INCREMENT,
  `nom` varchar(45) COLLATE utf16_bin NOT NULL,
  PRIMARY KEY (`id`)
) ENGINE=InnoDB AUTO_INCREMENT=29 DEFAULT CHARSET=utf16 COLLATE=utf16_bin;

--
-- Déchargement des données de la table `salles`
--

INSERT INTO `salles` (`id`, `nom`) VALUES
(1, '01'),
(2, '02'),
(3, '03'),
(4, '04'),
(5, '05'),
(6, '7'),
(7, '1'),
(8, '6'),
(9, '7'),
(10, '10'),
(11, '6'),
(12, '4'),
(13, '2'),
(14, '1'),
(15, '10'),
(16, '2'),
(17, '6'),
(18, '8'),
(19, '5'),
(20, '10'),
(21, '7'),
(22, '4'),
(23, '5'),
(24, '9'),
(25, '8'),
(26, '3'),
(27, '9'),
(28, '7');

-- --------------------------------------------------------

--
-- Structure de la table `sessions`
--

DROP TABLE IF EXISTS `sessions`;
CREATE TABLE IF NOT EXISTS `sessions` (
  `id` int(11) NOT NULL AUTO_INCREMENT,
  `dateDebut` datetime NOT NULL,
  `dateFin` datetime NOT NULL,
  `professeurs_id` int(11) NOT NULL,
  `salles_id` int(11) NOT NULL,
  `formations_id` int(11) NOT NULL,
  PRIMARY KEY (`id`),
  KEY `fk_sessions_professeurs1_idx` (`professeurs_id`),
  KEY `fk_sessions_salles1_idx` (`salles_id`),
  KEY `fk_sessions_formations1_idx` (`formations_id`)
) ENGINE=InnoDB AUTO_INCREMENT=406 DEFAULT CHARSET=utf16 COLLATE=utf16_bin;

--
-- Déchargement des données de la table `sessions`
--

INSERT INTO `sessions` (`id`, `dateDebut`, `dateFin`, `professeurs_id`, `salles_id`, `formations_id`) VALUES
(1, '2019-03-01 08:00:00', '2019-03-01 19:00:00', 1, 4, 3),
(2, '2019-03-06 10:00:00', '2019-03-06 16:00:00', 2, 2, 3),
(3, '1982-07-27 08:11:50', '2019-03-28 14:31:00', 12, 6, 12),
(4, '1978-05-22 00:29:03', '2019-03-28 11:54:21', 13, 7, 13),
(5, '1992-10-13 02:05:23', '2019-03-28 13:33:29', 14, 8, 14),
(6, '1978-10-05 19:22:42', '2019-03-28 14:33:00', 15, 10, 25),
(7, '1992-02-11 13:35:57', '2019-03-28 12:22:27', 23, 12, 31),
(8, '2013-01-28 08:10:13', '2019-03-28 11:54:44', 24, 12, 23),
(9, '2002-02-05 05:31:27', '2019-03-28 12:57:18', 24, 9, 16),
(10, '1988-02-21 11:08:17', '2019-03-28 11:34:09', 24, 12, 27),
(11, '1989-02-07 07:10:50', '2019-03-28 14:54:06', 18, 12, 33),
(12, '1979-03-12 18:51:14', '2019-03-28 12:34:39', 15, 9, 23),
(13, '2014-10-12 22:00:59', '2019-03-28 12:37:18', 24, 9, 21),
(14, '1996-11-24 18:15:10', '2019-03-28 12:29:29', 18, 13, 28),
(15, '1993-06-03 13:06:48', '2019-03-28 14:44:02', 18, 11, 23),
(16, '2002-03-11 12:09:54', '2019-03-28 13:06:27', 20, 11, 25),
(17, '1994-11-05 11:50:25', '2019-03-28 11:28:15', 15, 10, 31),
(18, '2008-07-14 11:54:36', '2019-03-28 11:55:08', 24, 9, 32),
(19, '1972-03-20 16:20:24', '2019-03-28 12:31:36', 16, 11, 22),
(20, '1992-09-04 00:24:53', '2019-03-28 14:38:58', 24, 13, 18),
(21, '1999-08-19 16:27:48', '2019-03-28 11:04:10', 24, 9, 29),
(22, '1985-01-27 18:32:31', '2019-03-28 13:22:49', 22, 11, 18),
(23, '1980-02-06 01:49:07', '2019-03-28 14:55:12', 19, 10, 25),
(24, '2008-04-08 16:12:17', '2019-03-28 13:12:34', 15, 10, 26),
(25, '2014-02-01 06:19:04', '2019-03-28 14:49:34', 17, 9, 16),
(26, '2002-10-21 06:16:34', '2019-03-28 13:39:58', 23, 11, 15),
(27, '2013-07-15 19:13:27', '2019-03-28 13:17:52', 17, 9, 30),
(28, '1998-11-29 12:04:27', '2019-03-28 13:26:00', 18, 11, 23),
(29, '1989-11-10 15:27:36', '2019-03-28 14:52:02', 19, 10, 18),
(30, '2017-09-13 04:51:17', '2019-03-28 14:13:20', 24, 12, 30),
(31, '2000-04-23 18:59:13', '2019-03-28 13:46:22', 17, 12, 31),
(32, '2000-12-04 03:44:46', '2019-03-28 12:16:21', 22, 9, 30),
(33, '1980-06-26 12:14:26', '2019-03-28 12:29:28', 22, 10, 19),
(34, '1996-04-29 14:18:43', '2019-03-28 13:44:48', 23, 10, 27),
(35, '1974-12-01 15:06:56', '2019-03-28 11:34:00', 16, 10, 33),
(36, '1993-01-06 17:32:30', '2019-03-28 13:14:28', 23, 11, 27),
(37, '2016-02-11 13:41:47', '2019-03-28 12:17:42', 15, 11, 17),
(38, '2006-01-19 16:14:41', '2019-03-28 13:38:55', 17, 12, 29),
(39, '2005-05-27 00:34:53', '2019-03-28 13:53:53', 19, 10, 23),
(40, '2010-12-09 00:13:24', '2019-03-28 13:28:39', 23, 9, 33),
(41, '1977-06-02 09:54:19', '2019-03-28 13:34:00', 16, 9, 31),
(42, '2015-07-03 11:02:48', '2019-03-28 14:44:59', 19, 11, 18),
(43, '1990-02-07 09:16:26', '2019-03-28 14:06:51', 17, 10, 22),
(44, '1985-03-11 05:06:53', '2019-03-28 13:45:43', 21, 11, 21),
(45, '2013-05-04 06:48:05', '2019-03-28 12:00:32', 17, 11, 24),
(46, '2002-11-29 11:11:00', '2019-03-28 13:10:40', 22, 13, 32),
(47, '1984-05-28 20:18:18', '2019-03-28 14:06:47', 16, 9, 15),
(48, '2008-03-24 21:04:17', '2019-03-28 12:12:10', 23, 10, 17),
(49, '1972-12-23 05:05:51', '2019-03-28 14:06:28', 20, 13, 20),
(50, '1977-06-15 16:14:44', '2019-03-28 14:07:19', 23, 12, 23),
(51, '1972-12-25 13:07:47', '2019-03-28 13:09:12', 24, 12, 25),
(52, '2002-12-04 08:36:53', '2019-03-28 14:58:50', 17, 13, 33),
(53, '1981-06-15 12:20:22', '2019-03-28 13:18:04', 24, 9, 26),
(54, '1985-11-26 19:13:06', '2019-03-28 11:52:32', 23, 12, 31),
(55, '1975-05-04 11:20:48', '2019-03-28 12:25:08', 24, 10, 24),
(56, '2012-03-01 08:06:33', '2019-03-28 12:44:46', 19, 13, 27),
(57, '2011-12-27 03:07:56', '2019-03-28 13:14:38', 18, 12, 33),
(58, '1970-09-20 07:48:09', '2019-03-28 12:13:56', 22, 12, 15),
(59, '1981-06-15 22:47:01', '2019-03-28 11:59:03', 17, 11, 17),
(60, '1975-09-01 06:01:16', '2019-03-28 12:34:00', 21, 12, 15),
(61, '2014-04-11 04:36:43', '2019-03-28 12:17:14', 21, 11, 20),
(62, '1975-10-28 09:21:28', '2019-03-28 12:38:11', 22, 9, 24),
(63, '1992-12-13 09:06:22', '2019-03-28 12:00:44', 20, 12, 32),
(64, '1993-05-18 06:45:17', '2019-03-28 12:02:40', 22, 9, 27),
(65, '2011-08-24 19:38:30', '2019-03-28 12:16:31', 15, 9, 28),
(66, '1972-09-11 20:24:20', '2019-03-28 11:04:06', 20, 9, 29),
(67, '1992-04-11 19:17:50', '2019-03-28 13:27:12', 17, 10, 17),
(68, '1976-08-20 10:51:12', '2019-03-28 13:43:03', 24, 13, 34),
(69, '2001-06-19 05:15:36', '2019-03-28 14:50:55', 21, 12, 30),
(70, '1980-07-08 22:06:37', '2019-03-28 13:40:28', 24, 13, 15),
(71, '1996-03-08 15:28:07', '2019-03-28 12:36:59', 18, 13, 29),
(72, '1970-02-18 01:53:16', '2019-03-28 13:37:57', 18, 10, 17),
(73, '1991-07-17 18:17:50', '2019-03-28 11:43:18', 21, 9, 29),
(74, '1992-10-22 19:19:29', '2019-03-28 12:30:13', 17, 9, 34),
(75, '1981-09-07 05:41:42', '2019-03-28 11:12:53', 19, 13, 22),
(76, '1987-10-28 02:04:58', '2019-03-28 14:38:56', 17, 10, 18),
(77, '1994-12-24 09:05:42', '2019-03-28 13:18:11', 23, 10, 16),
(78, '1973-06-15 21:23:43', '2019-03-28 12:14:08', 17, 13, 31),
(79, '2008-08-01 18:50:57', '2019-03-28 11:49:50', 24, 13, 19),
(80, '1983-01-15 03:32:42', '2019-03-28 11:43:11', 20, 12, 16),
(81, '2003-05-15 12:38:56', '2019-03-28 11:34:57', 23, 11, 27),
(82, '1996-06-23 21:30:40', '2019-03-28 11:34:01', 20, 10, 20),
(83, '1994-03-13 05:37:30', '2019-03-28 12:40:10', 18, 9, 21),
(84, '2014-01-02 06:15:27', '2019-03-28 11:31:45', 23, 11, 20),
(85, '1988-11-25 09:39:06', '2019-03-28 13:46:44', 17, 13, 23),
(86, '2010-07-31 13:09:18', '2019-03-28 12:23:52', 22, 9, 16),
(87, '1993-01-08 00:55:33', '2019-03-28 14:23:35', 21, 13, 26),
(88, '1982-04-08 18:50:40', '2019-03-28 13:05:04', 20, 11, 26),
(89, '1972-04-28 19:59:31', '2019-03-28 11:44:13', 23, 12, 17),
(90, '2016-09-08 02:00:23', '2019-03-28 13:38:35', 24, 11, 24),
(91, '1989-12-21 20:47:07', '2019-03-28 14:01:34', 20, 10, 25),
(92, '1999-12-12 11:30:43', '2019-03-28 12:23:21', 17, 11, 29),
(93, '1976-02-21 12:09:21', '2019-03-28 13:32:24', 21, 10, 16),
(94, '1974-12-05 19:52:42', '2019-03-28 13:06:18', 23, 11, 28),
(95, '1988-02-17 21:50:47', '2019-03-28 12:10:21', 23, 13, 34),
(96, '2011-04-02 20:35:36', '2019-03-28 11:54:07', 20, 9, 31),
(97, '1977-12-25 19:25:14', '2019-03-28 13:30:37', 19, 10, 23),
(98, '1986-05-08 03:06:35', '2019-03-28 14:37:53', 24, 9, 34),
(99, '2017-08-16 06:22:11', '2019-03-28 14:28:29', 17, 10, 26),
(100, '1970-04-08 09:39:07', '2019-03-28 13:54:41', 17, 13, 16),
(101, '1974-02-17 03:48:28', '2019-03-28 12:30:59', 21, 11, 22),
(102, '2003-09-08 05:53:43', '2019-03-28 14:41:07', 24, 13, 32),
(103, '1989-09-01 19:36:58', '2019-03-28 11:02:35', 19, 12, 18),
(104, '1971-03-19 11:10:21', '2019-03-28 13:34:10', 22, 9, 18),
(105, '1990-11-18 15:25:49', '2019-03-28 14:25:44', 23, 9, 31),
(106, '2004-10-03 17:11:06', '2019-03-28 13:31:43', 25, 17, 50),
(107, '1992-02-06 12:18:20', '2019-03-28 11:26:29', 32, 15, 52),
(108, '2010-12-29 17:18:17', '2019-03-28 13:37:22', 32, 14, 44),
(109, '1980-09-10 01:49:25', '2019-03-28 12:13:05', 29, 18, 46),
(110, '2001-10-07 17:21:15', '2019-03-28 13:31:02', 25, 15, 37),
(111, '1983-06-04 06:28:47', '2019-03-28 14:01:36', 32, 18, 42),
(112, '1996-05-13 06:53:52', '2019-03-28 12:18:12', 29, 18, 51),
(113, '2003-11-03 18:51:35', '2019-03-28 10:57:28', 25, 14, 42),
(114, '1986-01-22 16:27:15', '2019-03-28 11:57:49', 31, 16, 48),
(115, '1975-05-14 00:27:16', '2019-03-28 13:41:59', 33, 14, 47),
(116, '2003-10-19 12:15:54', '2019-03-28 11:09:06', 28, 18, 54),
(117, '1993-02-10 15:06:16', '2019-03-28 12:38:18', 25, 18, 42),
(118, '2012-12-25 04:24:47', '2019-03-28 10:49:48', 33, 14, 50),
(119, '2002-07-03 15:00:16', '2019-03-28 13:25:20', 33, 18, 48),
(120, '2006-02-23 08:49:08', '2019-03-28 13:45:51', 30, 15, 52),
(121, '1981-07-08 23:13:24', '2019-03-28 13:52:35', 28, 16, 50),
(122, '2005-01-30 19:55:50', '2019-03-28 10:33:00', 25, 18, 51),
(123, '2012-05-22 17:59:53', '2019-03-28 12:46:27', 31, 15, 48),
(124, '1981-12-07 11:07:48', '2019-03-28 13:33:17', 31, 14, 49),
(125, '2011-06-06 02:11:41', '2019-03-28 10:39:31', 33, 15, 47),
(126, '1973-02-02 23:48:18', '2019-03-28 10:57:23', 29, 16, 42),
(127, '1995-03-31 13:02:28', '2019-03-28 14:23:16', 25, 18, 46),
(128, '1971-04-13 11:40:24', '2019-03-28 11:26:52', 27, 18, 51),
(129, '2004-04-18 20:13:50', '2019-03-28 12:32:55', 30, 17, 47),
(130, '2009-11-07 14:21:50', '2019-03-28 13:07:09', 33, 18, 35),
(131, '1978-06-09 18:23:01', '2019-03-28 14:31:24', 27, 16, 38),
(132, '1974-11-24 20:48:51', '2019-03-28 11:39:11', 27, 16, 54),
(133, '1985-03-26 18:21:33', '2019-03-28 10:43:31', 31, 18, 37),
(134, '1984-09-01 09:23:13', '2019-03-28 12:02:17', 29, 14, 40),
(135, '1989-11-12 17:55:56', '2019-03-28 12:41:31', 27, 15, 52),
(136, '1995-02-03 23:17:23', '2019-03-28 14:01:06', 33, 16, 42),
(137, '2007-06-01 18:43:26', '2019-03-28 11:35:32', 25, 16, 41),
(138, '1996-11-02 21:04:55', '2019-03-28 11:25:40', 34, 16, 53),
(139, '2008-12-10 20:08:00', '2019-03-28 10:44:13', 27, 17, 48),
(140, '2006-03-11 07:04:22', '2019-03-28 10:44:47', 29, 15, 43),
(141, '2002-11-21 00:10:36', '2019-03-28 14:05:27', 32, 18, 38),
(142, '2007-04-06 20:14:38', '2019-03-28 14:08:01', 33, 17, 44),
(143, '1973-04-15 18:47:01', '2019-03-28 13:20:33', 34, 15, 53),
(144, '2012-02-16 02:16:55', '2019-03-28 10:40:11', 25, 15, 42),
(145, '1984-12-31 09:15:52', '2019-03-28 13:32:43', 29, 18, 47),
(146, '1973-08-27 04:33:53', '2019-03-28 11:06:05', 28, 14, 35),
(147, '2006-09-08 00:45:31', '2019-03-28 11:03:09', 29, 18, 42),
(148, '2012-05-27 22:52:57', '2019-03-28 13:35:09', 28, 15, 37),
(149, '1980-11-29 14:57:05', '2019-03-28 13:20:19', 26, 15, 44),
(150, '1971-10-03 01:26:18', '2019-03-28 11:21:31', 30, 16, 35),
(151, '1994-09-19 02:56:36', '2019-03-28 11:11:06', 29, 18, 39),
(152, '2012-03-15 21:45:58', '2019-03-28 10:40:23', 26, 15, 40),
(153, '1989-02-18 22:15:42', '2019-03-28 10:47:34', 34, 14, 46),
(154, '2008-08-20 10:08:41', '2019-03-28 12:42:10', 28, 17, 43),
(155, '2018-08-13 02:36:48', '2019-03-28 13:03:48', 32, 17, 48),
(156, '1975-03-17 06:20:54', '2019-03-28 10:53:32', 26, 16, 54),
(157, '1998-07-11 13:32:27', '2019-03-28 12:48:36', 27, 17, 35),
(158, '2015-05-30 02:19:32', '2019-03-28 13:13:47', 27, 18, 54),
(159, '1978-01-25 02:49:01', '2019-03-28 13:42:52', 30, 18, 41),
(160, '2011-08-20 00:32:31', '2019-03-28 11:30:40', 32, 17, 42),
(161, '2004-04-05 11:13:31', '2019-03-28 13:17:47', 28, 15, 38),
(162, '2018-08-09 13:53:13', '2019-03-28 13:17:58', 29, 14, 46),
(163, '1988-06-26 13:30:41', '2019-03-28 12:03:59', 26, 15, 47),
(164, '1984-03-07 01:57:06', '2019-03-28 12:10:24', 31, 14, 37),
(165, '1998-09-08 10:23:48', '2019-03-28 10:46:19', 26, 17, 52),
(166, '2006-06-16 12:39:39', '2019-03-28 13:17:38', 31, 15, 39),
(167, '1973-03-06 21:51:53', '2019-03-28 14:02:46', 32, 15, 47),
(168, '1984-07-02 18:41:11', '2019-03-28 10:34:04', 29, 18, 49),
(169, '2008-01-11 18:49:00', '2019-03-28 13:20:01', 30, 15, 51),
(170, '2007-03-01 05:38:51', '2019-03-28 10:32:58', 32, 15, 53),
(171, '1994-04-12 03:57:34', '2019-03-28 11:24:52', 32, 14, 46),
(172, '2000-09-08 19:20:18', '2019-03-28 10:38:03', 30, 16, 50),
(173, '1983-04-26 02:02:13', '2019-03-28 11:38:07', 28, 14, 51),
(174, '2004-09-24 08:08:27', '2019-03-28 13:15:23', 34, 16, 40),
(175, '1993-04-30 12:01:35', '2019-03-28 12:33:57', 26, 18, 41),
(176, '2002-01-18 11:15:36', '2019-03-28 12:14:54', 26, 18, 39),
(177, '1971-09-18 03:24:43', '2019-03-28 11:56:34', 25, 14, 36),
(178, '2012-07-07 21:51:23', '2019-03-28 11:32:41', 33, 17, 36),
(179, '2004-08-23 06:47:40', '2019-03-28 13:02:27', 26, 15, 52),
(180, '1979-10-09 13:53:08', '2019-03-28 12:00:58', 30, 17, 46),
(181, '2015-01-01 15:34:50', '2019-03-28 11:11:01', 34, 14, 50),
(182, '2011-02-06 17:11:00', '2019-03-28 12:30:29', 33, 15, 46),
(183, '1992-12-18 04:37:59', '2019-03-28 13:47:57', 33, 15, 39),
(184, '1979-10-18 06:18:50', '2019-03-28 13:31:39', 30, 18, 36),
(185, '1979-08-28 12:11:35', '2019-03-28 14:10:56', 27, 15, 36),
(186, '1992-02-13 16:07:39', '2019-03-28 11:39:47', 34, 14, 47),
(187, '1984-10-25 01:12:08', '2019-03-28 14:24:48', 28, 14, 42),
(188, '2000-07-26 04:37:48', '2019-03-28 12:02:01', 34, 16, 39),
(189, '1992-12-03 18:05:40', '2019-03-28 13:50:16', 31, 15, 48),
(190, '1990-07-20 06:53:23', '2019-03-28 12:27:11', 32, 17, 40),
(191, '2015-03-14 13:41:30', '2019-03-28 11:10:36', 30, 15, 49),
(192, '2001-06-30 02:48:26', '2019-03-28 11:03:42', 34, 17, 40),
(193, '2014-09-22 21:40:49', '2019-03-28 11:21:50', 30, 15, 44),
(194, '1985-12-15 01:12:29', '2019-03-28 10:40:56', 29, 16, 42),
(195, '1974-01-09 05:54:35', '2019-03-28 12:17:34', 34, 17, 51),
(196, '1991-01-16 15:48:50', '2019-03-28 10:39:16', 29, 17, 40),
(197, '1975-07-03 12:24:46', '2019-03-28 12:04:38', 30, 18, 45),
(198, '1981-01-14 18:12:38', '2019-03-28 12:02:40', 30, 15, 48),
(199, '2002-06-27 11:49:26', '2019-03-28 12:19:53', 26, 16, 50),
(200, '1997-09-04 10:05:22', '2019-03-28 14:07:32', 29, 16, 38),
(201, '2003-11-01 11:27:00', '2019-03-28 11:46:31', 25, 16, 51),
(202, '1995-09-04 16:43:20', '2019-03-28 10:54:44', 32, 14, 53),
(203, '2003-08-08 16:32:34', '2019-03-28 12:13:43', 34, 17, 53),
(204, '1984-06-03 01:42:49', '2019-03-28 13:43:38', 29, 14, 52),
(205, '2007-04-21 05:26:28', '2019-03-28 12:59:29', 29, 17, 54),
(206, '1975-06-28 02:12:28', '2019-03-28 11:55:27', 40, 23, 65),
(207, '1976-11-22 08:28:52', '2019-03-28 12:17:23', 42, 23, 67),
(208, '1981-02-02 22:38:37', '2019-03-28 13:59:28', 44, 23, 63),
(209, '2015-05-19 01:55:13', '2019-03-28 14:17:46', 39, 22, 64),
(210, '2012-08-29 21:59:35', '2019-03-28 13:53:07', 39, 20, 74),
(211, '2016-08-15 09:32:27', '2019-03-28 12:28:39', 37, 22, 55),
(212, '2013-11-30 14:28:51', '2019-03-28 13:47:37', 39, 20, 56),
(213, '1978-12-08 21:20:01', '2019-03-28 12:37:53', 36, 20, 64),
(214, '1981-11-20 08:20:31', '2019-03-28 12:41:42', 37, 21, 72),
(215, '2010-03-24 08:06:12', '2019-03-28 13:49:38', 36, 19, 55),
(216, '2002-06-28 18:00:13', '2019-03-28 12:46:10', 40, 21, 71),
(217, '1993-08-14 21:10:12', '2019-03-28 13:13:16', 37, 19, 65),
(218, '1990-06-11 15:05:23', '2019-03-28 12:39:50', 41, 19, 74),
(219, '1977-10-04 02:16:10', '2019-03-28 14:06:18', 40, 20, 63),
(220, '2018-06-21 13:35:47', '2019-03-28 13:53:33', 35, 19, 73),
(221, '2005-11-14 18:43:31', '2019-03-28 13:09:14', 36, 22, 57),
(222, '1977-08-02 16:13:17', '2019-03-28 12:08:20', 40, 22, 59),
(223, '1992-12-19 21:10:19', '2019-03-28 14:25:54', 40, 19, 56),
(224, '1998-07-07 15:24:46', '2019-03-28 12:47:22', 40, 19, 59),
(225, '1986-01-11 08:15:55', '2019-03-28 13:47:01', 44, 19, 70),
(226, '1970-06-17 05:28:57', '2019-03-28 14:38:48', 41, 20, 57),
(227, '1987-02-02 06:06:41', '2019-03-28 11:05:58', 43, 22, 71),
(228, '2004-08-29 16:34:58', '2019-03-28 13:48:50', 35, 23, 67),
(229, '2006-09-25 05:27:47', '2019-03-28 13:05:43', 36, 20, 69),
(230, '2003-09-08 05:58:01', '2019-03-28 12:54:49', 37, 23, 59),
(231, '1973-05-21 05:57:46', '2019-03-28 11:59:53', 36, 21, 67),
(232, '2019-02-25 03:43:08', '2019-03-28 12:41:52', 44, 21, 58),
(233, '1989-10-16 12:44:32', '2019-03-28 14:33:36', 38, 22, 65),
(234, '2003-02-02 18:04:49', '2019-03-28 12:36:11', 37, 21, 69),
(235, '1989-02-03 12:00:31', '2019-03-28 11:53:29', 42, 23, 63),
(236, '2001-07-25 02:42:16', '2019-03-28 12:27:28', 36, 19, 55),
(237, '2002-11-08 08:20:00', '2019-03-28 13:01:20', 38, 23, 74),
(238, '1991-04-16 04:21:52', '2019-03-28 12:16:09', 35, 22, 68),
(239, '1988-10-18 06:25:12', '2019-03-28 13:29:04', 42, 21, 62),
(240, '1986-07-02 22:44:31', '2019-03-28 13:19:05', 43, 21, 70),
(241, '1999-09-09 05:23:25', '2019-03-28 13:26:29', 40, 22, 72),
(242, '2006-02-09 19:24:32', '2019-03-28 13:45:56', 40, 23, 74),
(243, '1988-04-26 16:20:39', '2019-03-28 12:34:18', 37, 21, 57),
(244, '2004-11-10 15:32:21', '2019-03-28 12:53:00', 38, 23, 60),
(245, '2002-07-18 06:51:46', '2019-03-28 11:57:38', 39, 20, 59),
(246, '2015-11-19 16:30:18', '2019-03-28 11:08:50', 36, 23, 73),
(247, '1994-02-04 04:12:38', '2019-03-28 12:38:11', 41, 23, 74),
(248, '1985-12-30 10:01:51', '2019-03-28 13:53:57', 37, 20, 56),
(249, '1970-02-19 00:23:47', '2019-03-28 13:24:34', 40, 20, 74),
(250, '1974-01-14 19:56:31', '2019-03-28 11:41:45', 44, 20, 64),
(251, '2002-01-31 07:09:31', '2019-03-28 12:09:36', 38, 23, 59),
(252, '2003-07-27 13:53:24', '2019-03-28 11:18:52', 36, 19, 74),
(253, '1994-12-05 11:51:01', '2019-03-28 14:39:09', 39, 19, 71),
(254, '2003-09-26 04:16:16', '2019-03-28 11:58:34', 42, 23, 59),
(255, '1987-12-01 13:57:07', '2019-03-28 11:41:54', 42, 20, 63),
(256, '1974-08-19 04:37:16', '2019-03-28 11:09:48', 43, 23, 59),
(257, '2013-02-26 04:32:36', '2019-03-28 14:15:31', 39, 21, 58),
(258, '1975-11-16 10:53:21', '2019-03-28 12:03:50', 36, 22, 72),
(259, '1989-10-26 11:01:10', '2019-03-28 13:14:30', 41, 21, 63),
(260, '1979-05-04 08:59:25', '2019-03-28 14:24:24', 38, 23, 70),
(261, '2017-09-14 16:34:43', '2019-03-28 14:03:49', 35, 21, 74),
(262, '1981-07-03 05:42:50', '2019-03-28 12:06:54', 41, 22, 58),
(263, '2006-10-27 08:58:30', '2019-03-28 14:21:57', 44, 19, 58),
(264, '1979-06-30 03:07:12', '2019-03-28 12:20:08', 40, 20, 74),
(265, '1998-09-22 09:36:13', '2019-03-28 14:45:50', 43, 19, 66),
(266, '1981-05-30 04:27:09', '2019-03-28 14:22:07', 37, 21, 66),
(267, '1975-08-13 01:35:52', '2019-03-28 11:19:31', 37, 21, 67),
(268, '1989-07-08 19:41:33', '2019-03-28 12:06:35', 37, 20, 65),
(269, '2013-03-14 01:40:34', '2019-03-28 13:41:50', 43, 20, 62),
(270, '1997-05-03 20:07:58', '2019-03-28 11:54:09', 43, 22, 57),
(271, '1988-07-27 11:52:34', '2019-03-28 13:58:38', 35, 21, 58),
(272, '1975-03-15 23:53:23', '2019-03-28 11:43:31', 36, 19, 71),
(273, '2004-10-17 18:13:04', '2019-03-28 10:57:40', 41, 20, 62),
(274, '2012-01-31 03:51:22', '2019-03-28 14:13:30', 36, 22, 60),
(275, '1981-08-12 07:27:41', '2019-03-28 14:20:30', 39, 22, 68),
(276, '1979-07-26 19:15:55', '2019-03-28 12:19:30', 38, 23, 67),
(277, '2009-05-19 03:18:20', '2019-03-28 13:16:02', 37, 20, 73),
(278, '1984-03-27 16:19:35', '2019-03-28 14:27:51', 42, 22, 74),
(279, '1975-01-04 22:05:54', '2019-03-28 12:46:44', 43, 19, 57),
(280, '2014-06-24 22:36:04', '2019-03-28 12:30:06', 44, 23, 57),
(281, '2002-04-15 15:27:27', '2019-03-28 14:09:15', 44, 22, 66),
(282, '1998-11-18 05:11:58', '2019-03-28 13:42:15', 39, 20, 74),
(283, '2004-07-15 20:48:24', '2019-03-28 13:49:43', 43, 23, 67),
(284, '1971-08-02 21:48:59', '2019-03-28 12:05:43', 42, 19, 72),
(285, '2008-08-23 19:41:09', '2019-03-28 11:57:37', 37, 23, 70),
(286, '1996-04-01 04:39:05', '2019-03-28 11:58:04', 43, 20, 67),
(287, '1990-03-25 03:35:26', '2019-03-28 13:25:26', 40, 20, 62),
(288, '2011-05-26 07:52:01', '2019-03-28 12:28:54', 40, 21, 57),
(289, '1979-10-13 02:17:52', '2019-03-28 12:43:10', 36, 20, 72),
(290, '1987-04-13 21:06:17', '2019-03-28 12:49:07', 37, 19, 68),
(291, '2015-01-15 16:06:31', '2019-03-28 11:01:55', 35, 23, 70),
(292, '1990-10-04 09:24:08', '2019-03-28 11:00:13', 35, 19, 65),
(293, '1983-06-15 12:41:14', '2019-03-28 11:23:21', 43, 22, 62),
(294, '1991-01-11 06:05:27', '2019-03-28 11:11:32', 36, 19, 65),
(295, '1979-06-29 18:18:18', '2019-03-28 12:52:37', 37, 21, 66),
(296, '1996-08-16 02:41:24', '2019-03-28 11:30:49', 41, 22, 64),
(297, '2006-02-20 19:07:14', '2019-03-28 12:27:42', 42, 23, 65),
(298, '2007-03-07 00:26:07', '2019-03-28 12:26:11', 43, 22, 63),
(299, '1997-10-06 20:22:01', '2019-03-28 11:36:25', 42, 22, 58),
(300, '1972-04-23 23:25:34', '2019-03-28 14:01:43', 42, 21, 70),
(301, '1988-09-07 00:29:37', '2019-03-28 13:07:23', 44, 22, 73),
(302, '1981-08-28 16:36:35', '2019-03-28 13:28:34', 37, 21, 66),
(303, '2011-10-20 23:28:15', '2019-03-28 11:00:07', 44, 21, 59),
(304, '1991-08-25 19:01:29', '2019-03-28 13:52:11', 36, 22, 55),
(305, '1994-06-17 07:18:20', '2019-03-28 13:38:08', 40, 21, 67),
(306, '2018-02-10 04:25:09', '2019-03-28 13:30:12', 47, 25, 81),
(307, '1985-08-17 07:35:28', '2019-03-28 12:22:16', 53, 25, 75),
(308, '2002-03-12 23:49:48', '2019-03-28 11:32:24', 52, 24, 76),
(309, '1982-07-18 15:58:45', '2019-03-28 14:22:15', 46, 28, 85),
(310, '1978-03-10 16:21:55', '2019-03-28 10:52:05', 51, 24, 81),
(311, '2017-04-28 20:35:36', '2019-03-28 13:30:59', 54, 25, 80),
(312, '2005-01-30 05:29:08', '2019-03-28 14:42:41', 53, 27, 81),
(313, '2012-05-26 19:10:03', '2019-03-28 10:55:19', 54, 24, 76),
(314, '2004-09-17 06:35:38', '2019-03-28 12:04:08', 54, 24, 78),
(315, '1981-04-24 17:00:47', '2019-03-28 12:57:09', 45, 26, 76),
(316, '1986-03-04 12:17:26', '2019-03-28 10:51:06', 52, 24, 94),
(317, '1977-07-25 07:39:09', '2019-03-28 12:22:42', 53, 25, 93),
(318, '2000-02-29 06:34:00', '2019-03-28 13:19:29', 47, 24, 77),
(319, '1990-07-06 03:22:51', '2019-03-28 12:26:50', 50, 27, 84),
(320, '1987-03-30 07:45:02', '2019-03-28 14:47:33', 51, 25, 86),
(321, '1990-12-18 03:34:30', '2019-03-28 11:27:00', 45, 28, 91),
(322, '1981-08-16 22:17:32', '2019-03-28 11:34:24', 53, 28, 82),
(323, '2003-08-19 16:06:10', '2019-03-28 11:18:17', 48, 25, 94),
(324, '1986-07-17 04:30:13', '2019-03-28 12:26:36', 46, 28, 80),
(325, '2010-09-24 09:34:13', '2019-03-28 13:12:56', 47, 24, 75),
(326, '1996-12-01 09:23:22', '2019-03-28 14:28:53', 46, 27, 83),
(327, '2013-06-10 16:38:23', '2019-03-28 12:06:26', 47, 28, 94),
(328, '1997-03-30 07:09:40', '2019-03-28 12:26:16', 54, 24, 83),
(329, '1974-09-12 03:53:43', '2019-03-28 14:40:28', 50, 28, 94),
(330, '1975-10-14 23:12:03', '2019-03-28 13:29:18', 52, 28, 77),
(331, '1991-05-28 01:11:10', '2019-03-28 12:41:03', 45, 25, 90),
(332, '2004-01-23 09:55:21', '2019-03-28 11:28:13', 48, 25, 77),
(333, '1999-09-04 19:39:08', '2019-03-28 11:57:01', 51, 28, 88),
(334, '1997-01-31 21:10:00', '2019-03-28 12:29:19', 46, 26, 90),
(335, '1973-10-25 20:57:59', '2019-03-28 11:48:19', 46, 24, 92),
(336, '1999-05-28 18:12:04', '2019-03-28 14:42:47', 47, 28, 83),
(337, '1978-06-06 01:31:02', '2019-03-28 12:04:08', 46, 27, 86),
(338, '1977-10-30 14:53:53', '2019-03-28 14:27:05', 47, 28, 90),
(339, '2006-11-07 12:12:22', '2019-03-28 13:27:52', 53, 25, 89),
(340, '1975-10-24 13:39:48', '2019-03-28 14:18:15', 49, 26, 85),
(341, '2006-07-20 00:44:29', '2019-03-28 13:13:53', 48, 26, 92),
(342, '2018-03-11 08:58:54', '2019-03-28 12:54:54', 47, 24, 93),
(343, '1972-09-11 23:01:39', '2019-03-28 13:56:47', 53, 25, 82),
(344, '1971-06-22 19:22:03', '2019-03-28 11:15:54', 50, 28, 81),
(345, '1995-02-04 13:03:40', '2019-03-28 14:16:18', 49, 25, 76),
(346, '1985-08-31 05:29:46', '2019-03-28 13:26:57', 49, 25, 76),
(347, '1983-11-03 05:47:23', '2019-03-28 10:51:46', 51, 25, 76),
(348, '2006-12-13 15:58:48', '2019-03-28 13:15:53', 53, 28, 94),
(349, '2009-04-05 04:18:10', '2019-03-28 14:36:18', 52, 27, 91),
(350, '2008-04-30 21:31:44', '2019-03-28 11:16:16', 54, 24, 91),
(351, '1976-07-07 12:22:50', '2019-03-28 12:02:37', 45, 24, 93),
(352, '2001-08-31 19:16:31', '2019-03-28 12:17:03', 54, 25, 94),
(353, '2010-01-26 14:42:02', '2019-03-28 11:45:02', 45, 24, 90),
(354, '1989-03-19 00:45:48', '2019-03-28 14:45:42', 52, 27, 91),
(355, '2003-07-09 01:07:28', '2019-03-28 11:34:59', 46, 27, 89),
(356, '2000-08-07 11:28:31', '2019-03-28 12:04:18', 50, 26, 76),
(357, '2005-01-12 13:39:50', '2019-03-28 11:31:23', 45, 28, 85),
(358, '2010-02-23 08:10:34', '2019-03-28 13:05:57', 47, 25, 83),
(359, '2010-01-23 13:51:01', '2019-03-28 14:39:38', 47, 24, 86),
(360, '1985-06-21 02:57:43', '2019-03-28 12:10:46', 48, 25, 80),
(361, '2013-11-17 21:46:49', '2019-03-28 11:49:43', 52, 25, 92),
(362, '1972-03-21 20:39:30', '2019-03-28 12:32:07', 48, 28, 86),
(363, '1992-09-29 23:09:51', '2019-03-28 14:19:00', 48, 27, 86),
(364, '1985-08-08 11:07:11', '2019-03-28 12:10:21', 52, 28, 94),
(365, '1983-04-07 10:27:21', '2019-03-28 13:18:12', 46, 24, 81),
(366, '1988-05-07 23:00:00', '2019-03-28 14:36:19', 48, 24, 94),
(367, '2002-01-15 13:46:51', '2019-03-28 14:15:47', 49, 27, 78),
(368, '2014-10-30 16:46:04', '2019-03-28 12:37:34', 47, 24, 93),
(369, '1988-10-21 05:44:58', '2019-03-28 12:48:59', 54, 25, 91),
(370, '2006-02-02 18:28:57', '2019-03-28 13:48:44', 45, 25, 75),
(371, '1978-12-09 13:12:31', '2019-03-28 14:08:49', 46, 25, 87),
(372, '1971-06-30 09:38:45', '2019-03-28 11:00:14', 46, 26, 87),
(373, '1978-11-23 02:51:25', '2019-03-28 12:19:51', 46, 27, 90),
(374, '2009-07-24 10:57:29', '2019-03-28 13:17:55', 46, 28, 77),
(375, '1995-07-04 12:50:46', '2019-03-28 13:11:39', 47, 27, 85),
(376, '1972-03-09 11:37:07', '2019-03-28 12:33:36', 46, 25, 89),
(377, '1999-12-14 05:13:59', '2019-03-28 13:17:09', 45, 25, 84),
(378, '2015-12-08 06:04:34', '2019-03-28 14:28:25', 45, 24, 91),
(379, '1972-12-25 19:43:55', '2019-03-28 14:32:03', 49, 26, 80),
(380, '1973-03-08 11:12:10', '2019-03-28 12:49:08', 52, 27, 82),
(381, '2014-10-13 07:28:54', '2019-03-28 11:00:32', 52, 27, 89),
(382, '2007-03-10 01:07:21', '2019-03-28 11:20:16', 45, 24, 89),
(383, '2010-11-25 12:56:32', '2019-03-28 11:25:24', 53, 27, 94),
(384, '1995-03-13 00:46:59', '2019-03-28 11:09:20', 54, 28, 80),
(385, '1994-07-04 00:59:15', '2019-03-28 10:49:28', 47, 25, 78),
(386, '1976-03-12 18:06:21', '2019-03-28 11:19:48', 48, 24, 92),
(387, '1978-09-29 19:15:14', '2019-03-28 12:42:31', 46, 26, 90),
(388, '1973-11-16 16:41:50', '2019-03-28 12:58:35', 45, 28, 77),
(389, '2004-03-26 21:41:08', '2019-03-28 11:27:00', 52, 26, 94),
(390, '1986-11-20 22:51:53', '2019-03-28 14:19:04', 52, 26, 78),
(391, '2011-02-28 18:14:06', '2019-03-28 12:11:08', 51, 26, 87),
(392, '2012-11-23 04:34:42', '2019-03-28 11:22:51', 46, 28, 90),
(393, '1970-12-15 21:37:45', '2019-03-28 13:03:06', 46, 24, 91),
(394, '1987-04-03 21:29:09', '2019-03-28 12:21:18', 46, 28, 94),
(395, '1992-04-22 11:10:49', '2019-03-28 13:52:32', 51, 27, 91),
(396, '1994-03-19 22:05:45', '2019-03-28 12:46:33', 54, 24, 78),
(397, '1976-05-26 14:31:05', '2019-03-28 13:45:19', 51, 24, 94),
(398, '1974-08-16 14:39:46', '2019-03-28 12:55:06', 50, 28, 91),
(399, '1990-11-14 08:03:05', '2019-03-28 12:54:32', 45, 24, 83),
(400, '1994-07-27 00:09:52', '2019-03-28 14:04:01', 51, 25, 80),
(401, '1970-06-18 20:25:53', '2019-03-28 10:51:25', 45, 26, 89),
(402, '1977-07-10 07:35:24', '2019-03-28 14:35:36', 46, 26, 86),
(403, '1991-08-04 00:41:12', '2019-03-28 13:09:31', 49, 25, 93),
(404, '2006-05-26 14:28:19', '2019-03-28 11:04:06', 48, 25, 75),
(405, '2016-05-07 05:14:55', '2019-03-28 12:29:38', 52, 27, 86);

--
-- Contraintes pour les tables déchargées
--

--
-- Contraintes pour la table `compte_rendus`
--
ALTER TABLE `compte_rendus`
  ADD CONSTRAINT `fk_compte_rendus_professeurs1` FOREIGN KEY (`professeurs_id`) REFERENCES `professeurs` (`id`) ON DELETE NO ACTION ON UPDATE NO ACTION,
  ADD CONSTRAINT `fk_compte_rendus_sessions1` FOREIGN KEY (`sessions_id`) REFERENCES `sessions` (`id`) ON DELETE NO ACTION ON UPDATE NO ACTION;

--
-- Contraintes pour la table `formations`
--
ALTER TABLE `formations`
  ADD CONSTRAINT `fk_formations_professeurs1` FOREIGN KEY (`professeurs_id`) REFERENCES `professeurs` (`id`) ON DELETE NO ACTION ON UPDATE NO ACTION;

--
-- Contraintes pour la table `notes`
--
ALTER TABLE `notes`
  ADD CONSTRAINT `fk_notes_formations1` FOREIGN KEY (`formations_id`) REFERENCES `formations` (`id`) ON DELETE NO ACTION ON UPDATE NO ACTION,
  ADD CONSTRAINT `fk_notes_salaries1` FOREIGN KEY (`salaries_id`) REFERENCES `salaries` (`id`) ON DELETE NO ACTION ON UPDATE NO ACTION;

--
-- Contraintes pour la table `salaries`
--
ALTER TABLE `salaries`
  ADD CONSTRAINT `fk_salaries_entreprises1` FOREIGN KEY (`entreprises_id`) REFERENCES `entreprises` (`id`) ON DELETE NO ACTION ON UPDATE NO ACTION;

--
-- Contraintes pour la table `sessions`
--
ALTER TABLE `sessions`
  ADD CONSTRAINT `fk_sessions_formations1` FOREIGN KEY (`formations_id`) REFERENCES `formations` (`id`) ON DELETE NO ACTION ON UPDATE NO ACTION,
  ADD CONSTRAINT `fk_sessions_professeurs1` FOREIGN KEY (`professeurs_id`) REFERENCES `professeurs` (`id`) ON DELETE NO ACTION ON UPDATE NO ACTION,
  ADD CONSTRAINT `fk_sessions_salles1` FOREIGN KEY (`salles_id`) REFERENCES `salles` (`id`) ON DELETE NO ACTION ON UPDATE NO ACTION;
COMMIT;

/*!40101 SET CHARACTER_SET_CLIENT=@OLD_CHARACTER_SET_CLIENT */;
/*!40101 SET CHARACTER_SET_RESULTS=@OLD_CHARACTER_SET_RESULTS */;
/*!40101 SET COLLATION_CONNECTION=@OLD_COLLATION_CONNECTION */;
